Capture ID,Date,Nb recognised larvae,Avg surface (px^2),Avg surface (mm^2),Avg weight,Bcmk len
3,2023-08-16 13:06:02.812583,12,0.5,0.14007248408652073,-106.84495935283276,56.68
4,2023-08-16 13:06:03.573366,6,1.3333333333333333,0.5208333333333333,-105.58083333333332,48.0
5,2023-08-16 13:25:58.577371,0,nan,nan,nan,4.0
6,2023-08-16 13:25:59.567571,0,nan,nan,nan,8.0
7,2023-08-16 13:26:00.565743,0,nan,nan,nan,8.0
8,2023-08-16 13:52:34.927936,0,nan,nan,nan,90.0
9,2023-08-16 13:52:35.129803,0,nan,nan,nan,135.53
10,2023-08-16 13:52:35.261295,6,0.5,0.019835686113120785,-107.24414552210443,150.62
11,2023-08-16 13:52:35.376396,7,20.571428571428573,0.5174808350164188,-105.5919636277455,189.15
12,2023-08-16 13:52:35.497440,0,nan,nan,nan,182.12
13,2023-08-16 13:52:35.652660,0,nan,nan,nan,99.0
14,2023-08-16 13:52:35.764676,0,nan,nan,nan,89.0
15,2023-08-16 13:52:35.941723,0,nan,nan,nan,110.58
16,2023-08-16 13:52:36.091402,0,nan,nan,nan,125.0
17,2023-08-16 13:52:36.206045,0,nan,nan,nan,159.11
18,2023-08-16 13:52:36.355208,0,nan,nan,nan,161.25
19,2023-08-16 13:52:36.481152,0,nan,nan,nan,119.31
20,2023-08-16 13:52:36.646339,0,nan,nan,nan,133.49
21,2023-08-16 13:52:36.772522,0,nan,nan,nan,163.54
22,2023-08-16 13:52:36.875299,0,nan,nan,nan,138.35
23,2023-08-16 13:52:36.973246,0,nan,nan,nan,131.03
24,2023-08-16 13:52:37.096589,0,nan,nan,nan,160.57
25,2023-08-16 13:53:27.792698,0,nan,nan,nan,79.0
26,2023-08-16 13:53:27.962373,0,nan,nan,nan,130.0
27,2023-08-16 13:53:28.103131,0,nan,nan,nan,183.37
28,2023-08-16 13:53:28.263021,0,nan,nan,nan,131.33
29,2023-08-16 13:53:28.399678,0,nan,nan,nan,186.07
30,2023-08-16 13:53:28.536466,0,nan,nan,nan,88.0
31,2023-08-16 13:53:28.657652,0,nan,nan,nan,197.68
32,2023-08-16 13:53:28.772584,0,nan,nan,nan,106.0
33,2023-08-16 13:53:28.887877,0,nan,nan,nan,178.53
34,2023-08-16 13:53:29.083862,0,nan,nan,nan,183.83
35,2023-08-16 13:53:29.208050,0,nan,nan,nan,187.38
36,2023-08-16 13:53:29.319113,0,nan,nan,nan,143.0
37,2023-08-16 13:53:29.427214,0,nan,nan,nan,88.0
38,2023-08-16 13:53:29.546202,0,nan,nan,nan,178.94
39,2023-08-16 13:53:29.669566,0,nan,nan,nan,186.44
40,2023-08-16 13:53:29.786623,0,nan,nan,nan,89.0
41,2023-08-16 13:53:29.902362,0,nan,nan,nan,111.69
42,2023-08-16 13:53:30.039278,0,nan,nan,nan,131.97
43,2023-08-16 13:53:30.169821,0,nan,nan,nan,180.29
44,2023-08-16 13:53:30.277868,0,nan,nan,nan,182.94
45,2023-08-16 13:53:30.396605,0,nan,nan,nan,134.78
46,2023-08-16 13:53:30.515215,0,nan,nan,nan,180.29
47,2023-08-16 13:53:30.646022,0,nan,nan,nan,169.98
48,2023-08-16 13:53:30.759320,0,nan,nan,nan,115.17
49,2023-08-16 13:53:30.866151,0,nan,nan,nan,135.42
50,2023-08-16 13:53:30.964552,0,nan,nan,nan,126.0
51,2023-08-16 13:53:31.093985,0,nan,nan,nan,176.77
52,2023-08-16 13:53:31.233531,0,nan,nan,nan,108.0
53,2023-08-16 13:53:31.347441,0,nan,nan,nan,187.36
54,2023-08-16 13:53:31.450083,0,nan,nan,nan,130.04
55,2023-08-16 13:53:31.570744,0,nan,nan,nan,119.0
56,2023-08-16 13:53:31.692246,0,nan,nan,nan,164.5
57,2023-08-16 13:53:31.803039,0,nan,nan,nan,175.68
58,2023-08-16 13:53:31.913374,0,nan,nan,nan,108.91
59,2023-08-16 13:53:32.017516,0,nan,nan,nan,78.0
60,2023-08-16 13:53:32.117641,0,nan,nan,nan,89.0
61,2023-08-16 13:53:32.263779,0,nan,nan,nan,171.98
62,2023-08-16 13:53:32.378702,0,nan,nan,nan,87.45
63,2023-08-16 13:53:32.473691,0,nan,nan,nan,103.42
64,2023-08-16 13:53:32.578919,0,nan,nan,nan,183.76
65,2023-08-16 13:53:32.703424,0,nan,nan,nan,113.84
66,2023-08-16 13:53:32.812578,0,nan,nan,nan,130.87
67,2023-08-16 13:53:32.963107,0,nan,nan,nan,115.97
68,2023-08-16 13:53:33.095120,0,nan,nan,nan,161.15
69,2023-08-16 13:53:33.208762,0,nan,nan,nan,178.53
70,2023-08-16 13:53:33.314809,0,nan,nan,nan,106.4
71,2023-08-16 13:53:33.415654,0,nan,nan,nan,109.51
72,2023-08-16 13:53:33.521048,0,nan,nan,nan,68.0
73,2023-08-16 13:53:33.627462,0,nan,nan,nan,113.13
74,2023-08-16 13:53:33.757201,0,nan,nan,nan,131.11
75,2023-08-16 13:53:33.874168,0,nan,nan,nan,193.13
76,2023-08-16 13:53:33.979998,0,nan,nan,nan,74.0
77,2023-08-16 13:53:34.110926,0,nan,nan,nan,156.36
78,2023-08-16 13:53:34.235914,0,nan,nan,nan,173.96
79,2023-08-16 13:53:34.337093,0,nan,nan,nan,127.06
80,2023-08-16 13:53:34.435834,0,nan,nan,nan,60.0
81,2023-08-16 13:53:34.528941,0,nan,nan,nan,112.43
82,2023-08-16 13:53:34.637195,0,nan,nan,nan,128.65
83,2023-08-16 13:53:34.750884,0,nan,nan,nan,160.96
84,2023-08-16 13:53:34.855515,0,nan,nan,nan,172.33
85,2023-08-16 13:53:34.951986,0,nan,nan,nan,89.0
86,2023-08-16 13:53:35.085659,0,nan,nan,nan,90.0
87,2023-08-16 13:53:35.192466,0,nan,nan,nan,113.59
88,2023-08-16 13:53:35.313728,0,nan,nan,nan,81.0
89,2023-08-16 13:53:35.422813,0,nan,nan,nan,121.0
90,2023-08-16 13:53:35.531525,0,nan,nan,nan,112.03
91,2023-08-16 13:53:35.634917,0,nan,nan,nan,84.0
92,2023-08-16 13:53:35.762441,0,nan,nan,nan,120.51
93,2023-08-16 13:53:35.872329,0,nan,nan,nan,98.26
94,2023-08-16 13:53:35.968130,0,nan,nan,nan,177.41
95,2023-08-16 13:53:36.084226,0,nan,nan,nan,86.8
96,2023-08-16 13:53:36.214011,0,nan,nan,nan,106.0
97,2023-08-16 13:53:36.354981,0,nan,nan,nan,89.0
98,2023-08-16 13:53:36.464789,0,nan,nan,nan,134.81
99,2023-08-16 13:53:36.571575,0,nan,nan,nan,65.0
100,2023-08-16 13:53:36.681427,0,nan,nan,nan,122.45
1,2023-08-16 13:53:36.805191,0,nan,nan,nan,109.68
2,2023-08-16 13:53:36.910314,0,nan,nan,nan,73.0
3,2023-08-16 13:53:37.060644,0,nan,nan,nan,121.0
4,2023-08-16 13:53:37.192773,0,nan,nan,nan,100.29
5,2023-08-16 13:53:37.331166,0,nan,nan,nan,70.0
6,2023-08-16 13:53:37.442868,0,nan,nan,nan,171.35
7,2023-08-16 13:53:37.561307,0,nan,nan,nan,176.66
8,2023-08-16 13:53:37.703982,0,nan,nan,nan,172.39
9,2023-08-16 13:53:37.819549,0,nan,nan,nan,71.0
10,2023-08-16 13:53:37.926645,0,nan,nan,nan,131.98
11,2023-08-16 13:53:38.037077,0,nan,nan,nan,129.63
12,2023-08-16 13:53:38.158838,0,nan,nan,nan,185.6
13,2023-08-16 13:53:38.284573,0,nan,nan,nan,108.46
14,2023-08-16 13:53:38.413297,0,nan,nan,nan,97.71
15,2023-08-16 13:53:38.554421,0,nan,nan,nan,188.19
16,2023-08-16 13:53:38.672282,0,nan,nan,nan,79.0
17,2023-08-16 13:53:38.807437,0,nan,nan,nan,176.85
18,2023-08-16 13:53:38.915937,0,nan,nan,nan,160.19
19,2023-08-16 13:53:39.025772,0,nan,nan,nan,123.0
20,2023-08-16 13:53:39.143364,0,nan,nan,nan,180.29
21,2023-08-16 13:53:39.258858,0,nan,nan,nan,189.17
22,2023-08-16 13:53:39.360394,0,nan,nan,nan,123.76
23,2023-08-16 13:53:39.481492,0,nan,nan,nan,82.0
24,2023-08-16 13:53:39.579951,0,nan,nan,nan,121.0
25,2023-08-16 13:53:39.700500,0,nan,nan,nan,113.05
26,2023-08-16 13:53:39.827774,0,nan,nan,nan,89.0
27,2023-08-16 13:53:39.935856,0,nan,nan,nan,183.71
28,2023-08-16 13:53:40.043807,0,nan,nan,nan,174.07
29,2023-08-16 13:53:40.175000,0,nan,nan,nan,98.92
30,2023-08-16 13:53:40.285823,0,nan,nan,nan,103.56
31,2023-08-16 13:53:40.399159,0,nan,nan,nan,121.0
32,2023-08-16 13:53:40.508735,0,nan,nan,nan,69.0
33,2023-08-16 13:53:40.646327,0,nan,nan,nan,111.35
34,2023-08-16 13:53:40.761149,0,nan,nan,nan,162.27
35,2023-08-16 13:53:40.867203,0,nan,nan,nan,101.18
36,2023-08-16 13:53:40.961526,0,nan,nan,nan,90.0
37,2023-08-16 13:53:41.091878,0,nan,nan,nan,123.0
38,2023-08-16 13:53:41.206778,0,nan,nan,nan,190.17
39,2023-08-16 13:53:41.321828,0,nan,nan,nan,98.9
40,2023-08-16 13:53:41.445973,0,nan,nan,nan,87.0
41,2023-08-16 13:53:41.549761,0,nan,nan,nan,89.0
42,2023-08-16 13:53:41.692553,0,nan,nan,nan,181.62
43,2023-08-16 13:53:41.815186,0,nan,nan,nan,182.24
44,2023-08-16 13:53:41.925083,0,nan,nan,nan,110.38
45,2023-08-16 13:53:42.030589,0,nan,nan,nan,134.47
46,2023-08-16 13:53:42.146431,0,nan,nan,nan,160.28
47,2023-08-16 13:53:42.271043,0,nan,nan,nan,129.27
48,2023-08-16 13:53:42.383707,0,nan,nan,nan,80.0
49,2023-08-16 13:53:42.497277,0,nan,nan,nan,178.93
50,2023-08-16 13:53:42.627898,0,nan,nan,nan,113.84
51,2023-08-16 13:53:42.750773,0,nan,nan,nan,95.0
52,2023-08-16 13:53:42.857733,0,nan,nan,nan,128.0
53,2023-08-16 13:53:42.961158,0,nan,nan,nan,122.44
54,2023-08-16 13:53:43.055498,0,nan,nan,nan,113.82
55,2023-08-16 13:53:43.170903,0,nan,nan,nan,133.94
56,2023-08-16 13:53:43.300064,0,nan,nan,nan,143.0
57,2023-08-16 13:53:43.411714,0,nan,nan,nan,161.61
58,2023-08-16 13:53:43.523021,0,nan,nan,nan,88.0
59,2023-08-16 13:53:43.664907,0,nan,nan,nan,196.79
60,2023-08-16 13:53:43.782112,0,nan,nan,nan,119.0
61,2023-08-16 13:53:43.882778,0,nan,nan,nan,130.0
62,2023-08-16 13:53:43.994209,0,nan,nan,nan,170.18
63,2023-08-16 13:53:44.103927,0,nan,nan,nan,182.87
64,2023-08-16 13:53:44.245662,0,nan,nan,nan,181.98
65,2023-08-16 13:53:44.360992,0,nan,nan,nan,121.0
66,2023-08-16 13:53:44.473203,0,nan,nan,nan,175.29
67,2023-08-16 13:53:44.589467,0,nan,nan,nan,170.13
68,2023-08-16 13:53:44.719676,0,nan,nan,nan,194.55
69,2023-08-16 13:53:44.835040,0,nan,nan,nan,177.12
70,2023-08-16 13:53:44.943211,0,nan,nan,nan,177.65
71,2023-08-16 13:53:45.085870,0,nan,nan,nan,187.38
72,2023-08-16 13:53:45.196640,0,nan,nan,nan,177.64
73,2023-08-16 13:53:45.323066,0,nan,nan,nan,169.75
74,2023-08-16 13:53:45.427959,0,nan,nan,nan,118.93
75,2023-08-16 13:53:45.554911,0,nan,nan,nan,173.92
76,2023-08-16 13:53:45.661575,0,nan,nan,nan,180.29
77,2023-08-16 13:53:45.796133,0,nan,nan,nan,159.0
78,2023-08-16 13:53:45.927186,0,nan,nan,nan,84.42
79,2023-08-16 13:53:46.037034,0,nan,nan,nan,195.49
1,2023-08-16 14:15:22.178480,nan,0,nan,-2
2,2023-08-16 14:15:22.358971,nan,0,nan,-2
3,2023-08-16 14:15:22.484376,nan,0,nan,-2
4,2023-08-16 14:15:22.694195,nan,0,nan,-2
5,2023-08-16 14:15:22.866657,nan,0,nan,-2
6,2023-08-16 14:15:23.006450,nan,0,nan,-2
7,2023-08-16 14:15:37.422835,nan,0,nan,-2
8,2023-08-16 14:15:37.583674,nan,0,nan,-2
9,2023-08-16 14:15:37.746454,nan,0,nan,-2
10,2023-08-16 14:15:37.903031,nan,0,nan,-2
11,2023-08-16 14:15:38.084242,nan,0,nan,-2
12,2023-08-16 14:15:38.234995,nan,0,nan,-2
13,2023-08-16 14:15:38.342154,nan,0,nan,-2
14,2023-08-16 14:15:38.446180,nan,0,nan,-2
15,2023-08-16 14:15:38.577611,nan,0,nan,-2
16,2023-08-16 14:15:38.722462,nan,0,nan,-2
17,2023-08-16 14:15:38.854551,nan,0,nan,-2
18,2023-08-16 14:15:38.971637,nan,0,nan,-2
19,2023-08-16 14:15:39.093986,nan,0,nan,-2
20,2023-08-16 14:15:39.219637,nan,0,nan,-2
21,2023-08-16 14:15:39.331428,nan,0,nan,-2
22,2023-08-16 14:15:39.429781,nan,0,nan,-2
23,2023-08-16 14:15:39.562036,nan,0,nan,-2
24,2023-08-16 14:15:39.695696,nan,0,nan,-2
25,2023-08-16 14:15:39.832999,nan,0,nan,-2
26,2023-08-16 14:15:39.956888,nan,0,nan,-2
27,2023-08-16 14:15:40.085020,nan,0,nan,-2
28,2023-08-16 14:15:40.204148,nan,0,nan,-2
29,2023-08-16 14:15:40.309993,nan,0,nan,-2
30,2023-08-16 14:15:40.406284,nan,0,nan,-2
31,2023-08-16 14:15:40.510735,nan,0,nan,-2
32,2023-08-16 14:15:40.656064,nan,0,nan,-2
33,2023-08-16 14:15:40.789754,nan,0,nan,-2
34,2023-08-16 14:15:40.910683,nan,0,nan,-2
35,2023-08-16 14:15:41.062713,nan,0,nan,-2
36,2023-08-16 14:15:41.163158,372.0,0,748.4799999999999,-2
37,2023-08-16 14:15:41.280293,nan,0,nan,-2
38,2023-08-16 14:15:41.421996,nan,0,nan,-2
39,2023-08-16 14:15:41.546638,nan,0,nan,-2
40,2023-08-16 14:15:41.667959,nan,0,nan,-2
41,2023-08-16 14:15:41.790725,nan,0,nan,-2
42,2023-08-16 14:15:41.913724,nan,0,nan,-2
43,2023-08-16 14:15:42.033950,nan,0,nan,-2
44,2023-08-16 14:15:42.153344,nan,0,nan,-2
45,2023-08-16 14:15:42.272534,nan,0,nan,-2
46,2023-08-16 14:15:42.395663,nan,0,nan,-2
47,2023-08-16 14:15:42.511367,nan,0,nan,-2
48,2023-08-16 14:15:42.642659,nan,0,nan,-2
49,2023-08-16 14:15:42.774754,nan,0,nan,-2
50,2023-08-16 14:15:42.908151,nan,0,nan,-2
51,2023-08-16 14:15:43.018524,413.75,0,829.0574999999999,-2
52,2023-08-16 14:15:43.133909,338.0,0,682.8599999999999,-2
53,2023-08-16 14:15:43.272351,nan,0,nan,-2
54,2023-08-16 14:15:43.388410,333.8333333333333,0,674.8183333333333,-2
55,2023-08-16 14:15:43.510851,nan,0,nan,-2
56,2023-08-16 14:15:43.636539,358.5,0,722.425,-2
57,2023-08-16 14:15:43.777154,nan,0,nan,-2
58,2023-08-16 14:15:43.912722,374.0,0,752.3399999999999,-2
59,2023-08-16 14:15:44.021288,300.0,0,609.52,-2
60,2023-08-16 14:15:44.128655,nan,0,nan,-2
61,2023-08-16 14:15:44.253296,nan,0,nan,-2
62,2023-08-16 14:15:44.387913,nan,0,nan,-2
63,2023-08-16 14:15:44.516078,nan,0,nan,-2
64,2023-08-16 14:15:44.617027,460.0,0,918.3199999999999,-2
65,2023-08-16 14:15:44.749742,423.0,0,846.91,-2
66,2023-08-16 14:15:44.902510,nan,0,nan,-2
67,2023-08-16 14:15:45.036604,nan,0,nan,-2
68,2023-08-16 14:15:45.147304,501.75,0,998.8974999999999,-2
69,2023-08-16 14:15:45.260391,nan,0,nan,-2
70,2023-08-16 14:15:45.371944,nan,0,nan,-2
71,2023-08-16 14:15:45.497714,nan,0,nan,-2
72,2023-08-16 14:15:45.622506,305.5,0,620.135,-2
73,2023-08-16 14:15:45.742549,452.5,0,903.8449999999999,-2
74,2023-08-16 14:15:45.869056,572.0,0,1134.48,-2
75,2023-08-16 14:15:45.979246,310.0,0,628.8199999999999,-2
76,2023-08-16 14:15:46.085711,335.5,0,678.035,-2
77,2023-08-16 14:15:46.209742,408.25,0,818.4424999999999,-2
78,2023-08-16 14:15:46.334731,nan,0,nan,-2
79,2023-08-16 14:15:46.446115,nan,0,nan,-2
80,2023-08-16 14:15:46.561727,nan,0,nan,-2
81,2023-08-16 14:15:46.657667,420.5,0,842.0849999999999,-2
82,2023-08-16 14:15:46.781228,nan,0,nan,-2
83,2023-08-16 14:15:46.897532,677.75,0,1338.5774999999999,-2
84,2023-08-16 14:15:47.030486,423.0,0,846.91,-2
85,2023-08-16 14:15:47.158374,347.5,0,701.1949999999999,-2
86,2023-08-16 14:15:47.276192,303.5,0,616.275,-2
87,2023-08-16 14:15:47.386157,315.5,0,639.435,-2
88,2023-08-16 14:15:47.488586,393.7,0,790.361,-2
89,2023-08-16 14:15:47.586772,342.0,0,690.5799999999999,-2
90,2023-08-16 14:15:47.704529,397.5,0,797.6949999999999,-2
91,2023-08-16 14:15:47.820707,443.4,0,886.2819999999999,-2
92,2023-08-16 14:15:47.940185,337.5,0,681.895,-2
93,2023-08-16 14:15:48.054709,475.5,0,948.2349999999999,-2
94,2023-08-16 14:15:48.167191,383.75,0,771.1575,-2
95,2023-08-16 14:15:49.337990,365.0,0,734.9699999999999,-2
96,2023-08-16 14:15:49.444043,407.0,0,816.03,-2
97,2023-08-16 14:15:49.707317,381.5,0,766.8149999999999,-2
98,2023-08-16 14:15:49.858860,325.5,0,658.7349999999999,-2
99,2023-08-16 14:15:50.035951,nan,0,nan,-2
100,2023-08-16 14:15:50.189116,492.25,0,980.5625,-2
1,2023-08-16 14:15:50.292405,nan,0,nan,-2
2,2023-08-16 14:15:50.380996,317.5,0,643.295,-2
3,2023-08-16 14:15:50.493798,343.3333333333333,0,693.1533333333333,-2
4,2023-08-16 14:15:50.655631,nan,0,nan,-2
5,2023-08-16 14:15:50.802016,355.375,0,716.39375,-2
6,2023-08-16 14:15:50.933217,359.6666666666667,0,724.6766666666666,-2
7,2023-08-16 14:15:51.079553,508.5,0,1011.925,-2
8,2023-08-16 14:15:51.185805,323.0,0,653.91,-2
9,2023-08-16 14:15:51.289934,336.0,0,679.0,-2
10,2023-08-16 14:15:51.389540,496.0,0,987.8,-2
11,2023-08-16 14:15:51.531473,336.5,0,679.9649999999999,-2
12,2023-08-16 14:15:51.663762,nan,0,nan,-2
13,2023-08-16 14:15:51.780201,nan,0,nan,-2
14,2023-08-16 14:15:51.875779,nan,0,nan,-2
15,2023-08-16 14:15:51.995447,314.75,0,637.9875,-2
16,2023-08-16 14:15:52.119814,315.5,0,639.435,-2
17,2023-08-16 14:15:52.256535,789.0,0,1553.29,-2
18,2023-08-16 14:15:52.374705,452.0,0,902.88,-2
19,2023-08-16 14:15:52.485789,309.5,0,627.855,-2
20,2023-08-16 14:15:52.596881,326.0,0,659.6999999999999,-2
21,2023-08-16 14:15:52.726093,387.3333333333333,0,778.0733333333333,-2
22,2023-08-16 14:15:52.833961,nan,0,nan,-2
23,2023-08-16 14:15:52.929352,nan,0,nan,-2
24,2023-08-16 14:15:53.036629,nan,0,nan,-2
25,2023-08-16 14:15:53.139665,nan,0,nan,-2
26,2023-08-16 14:15:53.258422,423.5,0,847.875,-2
27,2023-08-16 14:15:53.386761,nan,0,nan,-2
28,2023-08-16 14:15:53.497393,nan,0,nan,-2
29,2023-08-16 14:15:53.629096,nan,0,nan,-2
30,2023-08-16 14:15:53.751899,nan,0,nan,-2
31,2023-08-16 14:15:53.855987,nan,0,nan,-2
32,2023-08-16 14:15:53.948332,nan,0,nan,-2
33,2023-08-16 14:15:54.057626,nan,0,nan,-2
34,2023-08-16 14:15:54.168373,nan,0,nan,-2
35,2023-08-16 14:15:54.284553,nan,0,nan,-2
36,2023-08-16 14:15:54.388393,nan,0,nan,-2
37,2023-08-16 14:15:54.491654,nan,0,nan,-2
38,2023-08-16 14:15:54.603371,nan,0,nan,-2
39,2023-08-16 14:15:54.702488,nan,0,nan,-2
40,2023-08-16 14:15:54.817285,nan,0,nan,-2
41,2023-08-16 14:15:54.928244,nan,0,nan,-2
42,2023-08-16 14:15:55.107894,nan,0,nan,-2
43,2023-08-16 14:15:55.238478,nan,0,nan,-2
44,2023-08-16 14:15:55.355440,nan,0,nan,-2
45,2023-08-16 14:15:55.468111,nan,0,nan,-2
46,2023-08-16 14:15:55.578541,nan,0,nan,-2
47,2023-08-16 14:15:55.682944,nan,0,nan,-2
48,2023-08-16 14:15:55.792875,nan,0,nan,-2
49,2023-08-16 14:15:55.963279,nan,0,nan,-2
50,2023-08-16 14:15:56.084555,nan,0,nan,-2
51,2023-08-16 14:15:56.183008,nan,0,nan,-2
52,2023-08-16 14:15:56.293015,nan,0,nan,-2
53,2023-08-16 14:15:56.409032,nan,0,nan,-2
54,2023-08-16 14:15:56.532393,nan,0,nan,-2
55,2023-08-16 14:15:56.631208,nan,0,nan,-2
56,2023-08-16 14:15:56.727757,nan,0,nan,-2
1,2023-08-16 16:20:35.538565,nan,0,nan,-2
2,2023-08-16 16:20:35.634629,nan,0,nan,-2
3,2023-08-16 16:20:35.753511,nan,0,nan,-2
4,2023-08-16 16:20:35.923018,nan,0,nan,-2
5,2023-08-16 16:20:36.079537,nan,0,nan,-2
6,2023-08-16 16:20:36.211445,nan,0,nan,-2
7,2023-08-16 16:20:36.363763,nan,0,nan,-2
8,2023-08-16 16:20:36.471588,nan,0,nan,-2
9,2023-08-16 16:20:36.595639,nan,0,nan,-2
10,2023-08-16 16:20:36.697073,nan,0,nan,-2
11,2023-08-16 16:20:36.796839,nan,0,nan,-2
12,2023-08-16 16:20:36.959873,nan,0,nan,-2
13,2023-08-16 16:20:37.077602,nan,0,nan,-2
14,2023-08-16 16:20:37.172432,nan,0,nan,-2
15,2023-08-16 16:20:37.308568,nan,0,nan,-2
16,2023-08-16 16:20:37.456383,nan,0,nan,-2
17,2023-08-16 16:23:43.569473,nan,0,nan,-2
18,2023-08-16 16:23:43.717962,nan,0,nan,-2
19,2023-08-16 16:23:43.822893,nan,0,nan,-2
20,2023-08-16 16:23:43.926295,316.0,0,640.4,-2
21,2023-08-16 16:23:44.054007,nan,0,nan,-2
22,2023-08-16 16:23:44.210560,nan,0,nan,-2
23,2023-08-16 16:23:44.328771,nan,0,nan,-2
24,2023-08-16 16:23:44.484550,nan,0,nan,-2
25,2023-08-16 16:23:44.588493,nan,0,nan,-2
26,2023-08-16 16:23:44.703996,nan,0,nan,-2
27,2023-08-16 16:23:44.789568,nan,0,nan,-2
28,2023-08-16 16:23:44.894066,nan,0,nan,-2
29,2023-08-16 16:23:45.008933,nan,0,nan,-2
30,2023-08-16 16:23:45.177970,nan,0,nan,-2
31,2023-08-16 16:23:45.336604,nan,0,nan,-2
32,2023-08-16 16:23:45.517792,nan,0,nan,-2
33,2023-08-16 16:23:45.636320,nan,0,nan,-2
34,2023-08-16 16:23:45.729805,nan,0,nan,-2
35,2023-08-16 16:23:45.826720,nan,0,nan,-2
36,2023-08-16 16:23:45.925236,nan,0,nan,-2
37,2023-08-16 16:23:46.022467,nan,0,nan,-2
38,2023-08-16 16:23:46.160943,nan,0,nan,-2
39,2023-08-16 16:23:46.277368,nan,0,nan,-2
40,2023-08-16 16:23:46.389647,nan,0,nan,-2
41,2023-08-16 16:23:46.522761,nan,0,nan,-2
42,2023-08-16 16:23:46.696223,nan,0,nan,-2
43,2023-08-16 16:23:46.818182,nan,0,nan,-2
44,2023-08-16 16:23:46.935682,nan,0,nan,-2
45,2023-08-16 16:23:47.129142,nan,0,nan,-2
46,2023-08-16 16:23:47.342944,nan,0,nan,-2
47,2023-08-16 16:23:47.451353,nan,0,nan,-2
48,2023-08-16 16:23:47.563816,nan,0,nan,-2
49,2023-08-16 16:23:47.678678,nan,0,nan,-2
50,2023-08-16 16:23:47.789420,nan,0,nan,-2
51,2023-08-16 16:23:47.876939,329.5,0,666.4549999999999,-2
52,2023-08-16 16:23:47.975885,468.1666666666667,0,934.0816666666666,-2
53,2023-08-16 16:23:48.095872,nan,0,nan,-2
54,2023-08-16 16:23:48.201097,317.0,0,642.3299999999999,-2
55,2023-08-16 16:23:48.346906,nan,0,nan,-2
56,2023-08-16 16:23:48.472225,nan,0,nan,-2
57,2023-08-16 16:23:48.602224,nan,0,nan,-2
58,2023-08-16 16:23:48.725182,nan,0,nan,-2
59,2023-08-16 16:23:48.841763,nan,0,nan,-2
60,2023-08-16 16:23:48.945807,nan,0,nan,-2
61,2023-08-16 16:23:49.072718,nan,0,nan,-2
62,2023-08-16 16:23:49.189423,361.0,0,727.25,-2
63,2023-08-16 16:23:49.316751,nan,0,nan,-2
64,2023-08-16 16:23:49.423436,328.0,0,663.56,-2
65,2023-08-16 16:23:49.542979,nan,0,nan,-2
66,2023-08-16 16:23:49.646359,nan,0,nan,-2
67,2023-08-16 16:23:49.745587,nan,0,nan,-2
68,2023-08-16 16:23:49.895321,nan,0,nan,-2
69,2023-08-16 16:23:50.026935,nan,0,nan,-2
70,2023-08-16 16:23:50.141080,971.5,0,1905.5149999999999,-2
71,2023-08-16 16:23:50.251395,304.0,0,617.24,-2
72,2023-08-16 16:23:50.346242,nan,0,nan,-2
73,2023-08-16 16:23:50.460020,nan,0,nan,-2
74,2023-08-16 16:23:50.584135,nan,0,nan,-2
75,2023-08-16 16:23:50.702112,nan,0,nan,-2
76,2023-08-16 16:23:50.823950,nan,0,nan,-2
77,2023-08-16 16:23:50.957423,nan,0,nan,-2
78,2023-08-16 16:23:51.093166,360.0,0,725.3199999999999,-2
79,2023-08-16 16:23:51.200437,nan,0,nan,-2
80,2023-08-16 16:23:51.359385,nan,0,nan,-2
81,2023-08-16 16:23:51.481659,nan,0,nan,-2
82,2023-08-16 16:23:51.593937,nan,0,nan,-2
83,2023-08-16 16:23:51.700797,nan,0,nan,-2
84,2023-08-16 16:23:51.788963,612.25,0,1212.1625,-2
85,2023-08-16 16:23:51.877754,nan,0,nan,-2
86,2023-08-16 16:23:51.970325,431.5,0,863.3149999999999,-2
87,2023-08-16 16:23:52.097666,nan,0,nan,-2
88,2023-08-16 16:23:52.209811,nan,0,nan,-2
89,2023-08-16 16:23:52.325469,nan,0,nan,-2
90,2023-08-16 16:23:52.436672,nan,0,nan,-2
91,2023-08-16 16:23:52.537931,nan,0,nan,-2
92,2023-08-16 16:23:52.663729,nan,0,nan,-2
93,2023-08-16 16:23:52.849792,nan,0,nan,-2
94,2023-08-16 16:23:52.975942,nan,0,nan,-2
95,2023-08-16 16:23:53.085321,nan,0,nan,-2
96,2023-08-16 16:23:53.189759,384.0,0,771.64,-2
97,2023-08-16 16:23:53.347432,nan,0,nan,-2
98,2023-08-16 16:23:53.468081,684.5,0,1351.605,-2
99,2023-08-16 16:23:53.585176,nan,0,nan,-2
100,2023-08-16 16:23:53.770382,nan,0,nan,-2
1,2023-08-16 16:23:53.891286,nan,0,nan,-2
2,2023-08-16 16:23:54.011333,nan,0,nan,-2
3,2023-08-16 16:23:54.111660,nan,0,nan,-2
4,2023-08-16 16:23:54.228246,nan,0,nan,-2
5,2023-08-16 16:23:54.405451,nan,0,nan,-2
6,2023-08-16 16:23:54.524073,nan,0,nan,-2
7,2023-08-16 16:23:54.625208,nan,0,nan,-2
8,2023-08-16 16:23:54.720283,nan,0,nan,-2
9,2023-08-16 16:23:54.829922,448.1666666666667,0,895.4816666666667,-2
10,2023-08-16 16:23:54.935667,nan,0,nan,-2
11,2023-08-16 16:23:55.042017,nan,0,nan,-2
12,2023-08-16 16:23:55.149307,nan,0,nan,-2
13,2023-08-16 16:23:55.254159,nan,0,nan,-2
14,2023-08-16 16:23:55.389072,nan,0,nan,-2
15,2023-08-16 16:23:55.505581,nan,0,nan,-2
16,2023-08-16 16:23:55.615241,335.5,0,678.035,-2
17,2023-08-16 16:23:55.718679,nan,0,nan,-2
18,2023-08-16 16:23:55.810939,306.0,0,621.0999999999999,-2
19,2023-08-16 16:23:55.914017,nan,0,nan,-2
20,2023-08-16 16:23:56.086012,nan,0,nan,-2
21,2023-08-16 16:23:56.339804,nan,0,nan,-2
22,2023-08-16 16:23:56.452617,378.0,0,760.06,-2
23,2023-08-16 16:23:56.557437,nan,0,nan,-2
24,2023-08-16 16:23:56.691076,nan,0,nan,-2
25,2023-08-16 16:23:56.781551,341.0,0,688.65,-2
26,2023-08-16 16:23:56.903124,nan,0,nan,-2
27,2023-08-16 16:23:57.016086,nan,0,nan,-2
28,2023-08-16 16:23:57.120251,nan,0,nan,-2
29,2023-08-16 16:23:57.284429,nan,0,nan,-2
30,2023-08-16 16:23:57.397144,nan,0,nan,-2
31,2023-08-16 16:23:57.504977,nan,0,nan,-2
32,2023-08-16 16:23:57.633163,nan,0,nan,-2
33,2023-08-16 16:23:57.746425,nan,0,nan,-2
34,2023-08-16 16:23:57.849719,nan,0,nan,-2
35,2023-08-16 16:23:57.948772,nan,0,nan,-2
36,2023-08-16 16:23:58.062282,nan,0,nan,-2
37,2023-08-16 16:23:58.189565,nan,0,nan,-2
38,2023-08-16 16:23:58.300744,nan,0,nan,-2
39,2023-08-16 16:23:58.415973,nan,0,nan,-2
40,2023-08-16 16:23:58.517122,nan,0,nan,-2
41,2023-08-16 16:23:58.623989,nan,0,nan,-2
42,2023-08-16 16:23:58.745234,nan,0,nan,-2
43,2023-08-16 16:23:58.844853,nan,0,nan,-2
44,2023-08-16 16:23:58.939708,nan,0,nan,-2
45,2023-08-16 16:23:59.030069,355.0,0,715.67,-2
46,2023-08-16 16:23:59.140007,nan,0,nan,-2
47,2023-08-16 16:23:59.380264,407.5,0,816.995,-2
48,2023-08-16 16:23:59.497809,nan,0,nan,-2
49,2023-08-16 16:23:59.607819,363.0,0,731.11,-2
50,2023-08-16 16:23:59.747696,nan,0,nan,-2
51,2023-08-16 16:23:59.864702,nan,0,nan,-2
52,2023-08-16 16:23:59.952728,310.5,0,629.785,-2
53,2023-08-16 16:24:00.061831,nan,0,nan,-2
54,2023-08-16 16:24:00.177589,nan,0,nan,-2
55,2023-08-16 16:24:00.288409,nan,0,nan,-2
56,2023-08-16 16:24:00.392333,nan,0,nan,-2
57,2023-08-16 16:24:00.504789,nan,0,nan,-2
58,2023-08-16 16:24:00.604001,nan,0,nan,-2
59,2023-08-16 16:24:00.789412,nan,0,nan,-2
60,2023-08-16 16:24:00.909920,nan,0,nan,-2
61,2023-08-16 16:24:01.013118,nan,0,nan,-2
62,2023-08-16 16:24:01.142163,nan,0,nan,-2
63,2023-08-16 16:24:01.246784,nan,0,nan,-2
64,2023-08-16 16:24:01.360689,nan,0,nan,-2
65,2023-08-16 16:24:01.472701,nan,0,nan,-2
66,2023-08-16 16:24:01.583571,nan,0,nan,-2
67,2023-08-16 16:24:01.713871,483.5,0,963.675,-2
68,2023-08-16 16:24:01.815855,341.0,0,688.65,-2
69,2023-08-16 16:24:01.933272,nan,0,nan,-2
70,2023-08-16 16:24:02.044255,nan,0,nan,-2
71,2023-08-16 16:24:02.160267,nan,0,nan,-2
72,2023-08-16 16:24:02.260746,nan,0,nan,-2
73,2023-08-16 16:24:02.361083,nan,0,nan,-2
74,2023-08-16 16:24:02.515751,nan,0,nan,-2
75,2023-08-16 16:24:02.624705,nan,0,nan,-2
76,2023-08-16 16:24:02.745814,nan,0,nan,-2
77,2023-08-16 16:24:02.879149,nan,0,nan,-2
78,2023-08-16 16:24:02.990284,nan,0,nan,-2
79,2023-08-16 16:24:03.089017,351.0,0,707.9499999999999,-2
80,2023-08-16 16:24:03.203954,nan,0,nan,-2
81,2023-08-16 16:24:03.342901,nan,0,nan,-2
82,2023-08-16 16:24:03.482740,nan,0,nan,-2
83,2023-08-16 16:24:03.586791,nan,0,nan,-2
84,2023-08-16 16:24:03.710161,nan,0,nan,-2
85,2023-08-16 16:24:03.821475,nan,0,nan,-2
86,2023-08-16 16:24:03.947387,nan,0,nan,-2
87,2023-08-16 16:24:04.100523,nan,0,nan,-2
88,2023-08-16 16:24:04.213870,nan,0,nan,-2
89,2023-08-16 16:24:04.331005,nan,0,nan,-2
90,2023-08-16 16:24:04.456288,nan,0,nan,-2
91,2023-08-16 16:24:04.563334,nan,0,nan,-2
92,2023-08-16 16:24:04.657573,nan,0,nan,-2
93,2023-08-16 16:24:04.764545,nan,0,nan,-2
94,2023-08-16 16:24:04.873712,nan,0,nan,-2
95,2023-08-16 16:24:04.987339,nan,0,nan,-2
96,2023-08-16 16:24:05.089162,nan,0,nan,-2
97,2023-08-16 16:24:05.229294,nan,0,nan,-2
98,2023-08-16 16:24:05.378370,nan,0,nan,-2
99,2023-08-16 16:24:05.510386,nan,0,nan,-2
100,2023-08-16 16:24:05.616449,339.8333333333333,0,686.3983333333332,-2
1,2023-08-16 16:24:05.725866,nan,0,nan,-2
2,2023-08-16 16:24:05.831471,nan,0,nan,-2
3,2023-08-16 16:24:05.943964,nan,0,nan,-2
4,2023-08-16 16:24:06.064511,nan,0,nan,-2
5,2023-08-16 16:24:06.182556,nan,0,nan,-2
6,2023-08-16 16:24:06.299019,nan,0,nan,-2
7,2023-08-16 16:24:06.388675,nan,0,nan,-2
8,2023-08-16 16:24:06.501505,nan,0,nan,-2
9,2023-08-16 16:24:06.603366,319.0,0,646.1899999999999,-2
10,2023-08-16 16:24:06.702058,nan,0,nan,-2
11,2023-08-16 16:24:06.808161,328.5,0,664.525,-2
12,2023-08-16 16:24:06.919756,nan,0,nan,-2
13,2023-08-16 16:24:07.058300,nan,0,nan,-2
14,2023-08-16 16:24:07.164532,302.5,0,614.3449999999999,-2
15,2023-08-16 16:24:07.359733,nan,0,nan,-2
16,2023-08-16 16:24:07.471217,nan,0,nan,-2
17,2023-08-16 16:24:07.623301,nan,0,nan,-2
18,2023-08-16 16:24:07.750093,nan,0,nan,-2
19,2023-08-16 16:24:07.890478,312.0,0,632.68,-2
20,2023-08-16 16:24:08.014553,nan,0,nan,-2
21,2023-08-16 16:24:08.129729,nan,0,nan,-2
22,2023-08-16 16:24:08.238296,nan,0,nan,-2
23,2023-08-16 16:24:08.353739,nan,0,nan,-2
24,2023-08-16 16:24:08.449124,nan,0,nan,-2
25,2023-08-16 16:24:08.550085,nan,0,nan,-2
26,2023-08-16 16:24:08.682610,nan,0,nan,-2
27,2023-08-16 16:24:08.794872,nan,0,nan,-2
28,2023-08-16 16:24:08.885757,nan,0,nan,-2
29,2023-08-16 16:24:08.978952,nan,0,nan,-2
30,2023-08-16 16:24:09.079681,nan,0,nan,-2
31,2023-08-16 16:24:09.184271,nan,0,nan,-2
32,2023-08-16 16:24:09.299844,nan,0,nan,-2
33,2023-08-16 16:24:09.396759,nan,0,nan,-2
34,2023-08-16 16:24:09.516755,nan,0,nan,-2
35,2023-08-16 16:24:09.626370,nan,0,nan,-2
36,2023-08-16 16:24:09.747974,nan,0,nan,-2
37,2023-08-16 16:24:09.850436,nan,0,nan,-2
38,2023-08-16 16:24:09.962257,nan,0,nan,-2
39,2023-08-16 16:24:10.086905,nan,0,nan,-2
40,2023-08-16 16:24:10.198744,nan,0,nan,-2
41,2023-08-16 16:24:10.323626,nan,0,nan,-2
42,2023-08-16 16:24:10.425821,nan,0,nan,-2
43,2023-08-16 16:24:10.523763,nan,0,nan,-2
44,2023-08-16 16:24:10.633293,nan,0,nan,-2
45,2023-08-16 16:24:10.741447,nan,0,nan,-2
46,2023-08-16 16:24:10.855221,nan,0,nan,-2
47,2023-08-16 16:24:10.965350,nan,0,nan,-2
48,2023-08-16 16:24:11.063833,nan,0,nan,-2
49,2023-08-16 16:24:11.162481,nan,0,nan,-2
50,2023-08-16 16:24:11.407697,nan,0,nan,-2
51,2023-08-16 16:24:11.526484,nan,0,nan,-2
52,2023-08-16 16:24:11.620965,nan,0,nan,-2
53,2023-08-16 16:24:11.720589,353.5,0,712.775,-2
54,2023-08-16 16:24:11.811867,341.0,0,688.65,-2
55,2023-08-16 16:24:11.927019,nan,0,nan,-2
56,2023-08-16 16:24:12.033996,nan,0,nan,-2
57,2023-08-16 16:24:12.139815,nan,0,nan,-2
58,2023-08-16 16:24:12.250821,nan,0,nan,-2
59,2023-08-16 16:24:12.344964,nan,0,nan,-2
60,2023-08-16 16:24:12.468653,nan,0,nan,-2
61,2023-08-16 16:24:12.567148,nan,0,nan,-2
62,2023-08-16 16:24:12.677012,nan,0,nan,-2
63,2023-08-16 16:24:12.771496,nan,0,nan,-2
64,2023-08-16 16:24:12.859684,nan,0,nan,-2
65,2023-08-16 16:24:13.000235,nan,0,nan,-2
66,2023-08-16 16:24:13.112299,nan,0,nan,-2
67,2023-08-16 16:24:13.218526,nan,0,nan,-2
68,2023-08-16 16:24:13.341960,498.5,0,992.625,-2
69,2023-08-16 16:24:13.478978,nan,0,nan,-2
70,2023-08-16 16:24:13.583564,nan,0,nan,-2
71,2023-08-16 16:24:13.679219,nan,0,nan,-2
72,2023-08-16 16:24:13.770572,nan,0,nan,-2
73,2023-08-16 16:24:13.886244,nan,0,nan,-2
74,2023-08-16 16:24:13.990340,nan,0,nan,-2
75,2023-08-16 16:24:14.114800,nan,0,nan,-2
76,2023-08-16 16:24:14.232840,nan,0,nan,-2
77,2023-08-16 16:24:14.382299,nan,0,nan,-2
78,2023-08-16 16:24:14.497391,nan,0,nan,-2
79,2023-08-16 16:24:14.630598,nan,0,nan,-2
80,2023-08-16 16:24:14.759552,nan,0,nan,-2
81,2023-08-16 16:24:14.868311,nan,0,nan,-2
82,2023-08-16 16:24:15.001214,nan,0,nan,-2
83,2023-08-16 16:24:15.114075,nan,0,nan,-2
84,2023-08-16 16:24:15.196096,nan,0,nan,-2
85,2023-08-16 16:24:15.340077,nan,0,nan,-2
86,2023-08-16 16:24:15.455163,nan,0,nan,-2
87,2023-08-16 16:24:15.574382,nan,0,nan,-2
88,2023-08-16 16:24:15.719090,nan,0,nan,-2
89,2023-08-16 16:24:15.828091,nan,0,nan,-2
90,2023-08-16 16:24:15.937441,nan,0,nan,-2
91,2023-08-16 16:24:16.044052,nan,0,nan,-2
92,2023-08-16 16:24:16.151553,nan,0,nan,-2
93,2023-08-16 16:24:16.274040,nan,0,nan,-2
94,2023-08-16 16:24:16.379363,nan,0,nan,-2
95,2023-08-16 16:24:16.477202,nan,0,nan,-2
96,2023-08-16 16:24:16.620528,336.5,0,679.9649999999999,-2
97,2023-08-16 16:24:16.757738,nan,0,nan,-2
98,2023-08-16 16:24:16.862051,nan,0,nan,-2
99,2023-08-16 16:24:16.984872,351.5,0,708.915,-2
100,2023-08-16 16:24:17.125387,nan,0,nan,-2
1,2023-08-16 16:24:17.234401,nan,0,nan,-2
2,2023-08-16 16:24:17.337118,nan,0,nan,-2
3,2023-08-16 16:24:17.431695,nan,0,nan,-2
4,2023-08-16 16:24:17.556900,nan,0,nan,-2
5,2023-08-16 16:24:17.712299,nan,0,nan,-2
6,2023-08-16 16:24:17.812970,nan,0,nan,-2
7,2023-08-16 16:24:17.929192,nan,0,nan,-2
8,2023-08-16 16:24:18.073796,nan,0,nan,-2
9,2023-08-16 16:24:18.183412,nan,0,nan,-2
10,2023-08-16 16:24:18.282429,nan,0,nan,-2
11,2023-08-16 16:24:18.377644,nan,0,nan,-2
12,2023-08-16 16:24:18.507418,nan,0,nan,-2
13,2023-08-16 16:24:18.629754,nan,0,nan,-2
14,2023-08-16 16:24:18.748664,nan,0,nan,-2
15,2023-08-16 16:24:18.845267,nan,0,nan,-2
16,2023-08-16 16:24:18.943896,nan,0,nan,-2
17,2023-08-16 16:24:19.055384,nan,0,nan,-2
18,2023-08-16 16:24:19.169190,nan,0,nan,-2
19,2023-08-16 16:24:19.331754,nan,0,nan,-2
20,2023-08-16 16:24:19.472988,nan,0,nan,-2
21,2023-08-16 16:24:19.630249,nan,0,nan,-2
22,2023-08-16 16:24:19.741539,nan,0,nan,-2
23,2023-08-16 16:24:19.833143,462.0,0,922.18,-2
24,2023-08-16 16:24:19.945777,nan,0,nan,-2
25,2023-08-16 16:24:20.072532,nan,0,nan,-2
26,2023-08-16 16:24:20.196184,nan,0,nan,-2
27,2023-08-16 16:24:20.300532,nan,0,nan,-2
28,2023-08-16 16:24:20.403745,nan,0,nan,-2
29,2023-08-16 16:24:20.505196,nan,0,nan,-2
30,2023-08-16 16:24:20.618550,425.5,0,851.7349999999999,-2
31,2023-08-16 16:24:20.733591,nan,0,nan,-2
32,2023-08-16 16:24:20.839437,nan,0,nan,-2
33,2023-08-16 16:24:20.936372,nan,0,nan,-2
34,2023-08-16 16:24:21.061420,nan,0,nan,-2
35,2023-08-16 16:24:21.199489,nan,0,nan,-2
36,2023-08-16 16:24:21.358723,nan,0,nan,-2
37,2023-08-16 16:24:21.495502,1032.5,0,2023.245,-2
38,2023-08-16 16:24:21.600687,nan,0,nan,-2
39,2023-08-16 16:24:21.705074,nan,0,nan,-2
40,2023-08-16 16:24:21.817065,nan,0,nan,-2
41,2023-08-16 16:24:21.930720,nan,0,nan,-2
42,2023-08-16 16:24:22.052268,nan,0,nan,-2
43,2023-08-16 16:24:22.201697,nan,0,nan,-2
44,2023-08-16 16:24:22.319376,nan,0,nan,-2
45,2023-08-16 16:24:22.417532,nan,0,nan,-2
46,2023-08-16 16:24:22.519062,nan,0,nan,-2
47,2023-08-16 16:24:22.647857,nan,0,nan,-2
48,2023-08-16 16:24:22.772688,nan,0,nan,-2
49,2023-08-16 16:24:22.870461,nan,0,nan,-2
50,2023-08-16 16:24:22.981883,nan,0,nan,-2
51,2023-08-16 16:24:23.094259,nan,0,nan,-2
52,2023-08-16 16:24:23.309423,nan,0,nan,-2
53,2023-08-16 16:24:23.449641,nan,0,nan,-2
54,2023-08-16 16:24:23.565465,nan,0,nan,-2
55,2023-08-16 16:24:23.685222,nan,0,nan,-2
56,2023-08-16 16:24:23.802613,nan,0,nan,-2
57,2023-08-16 16:24:23.907109,nan,0,nan,-2
58,2023-08-16 16:24:24.020355,nan,0,nan,-2
59,2023-08-16 16:24:24.115060,nan,0,nan,-2
60,2023-08-16 16:24:24.253299,844.0,0,1659.4399999999998,-2
61,2023-08-16 16:24:24.367487,nan,0,nan,-2
62,2023-08-16 16:24:24.481809,nan,0,nan,-2
63,2023-08-16 16:24:24.588329,348.5,0,703.125,-2
64,2023-08-16 16:24:24.726727,nan,0,nan,-2
65,2023-08-16 16:24:24.851087,nan,0,nan,-2
66,2023-08-16 16:24:24.967335,nan,0,nan,-2
67,2023-08-16 16:24:25.079103,nan,0,nan,-2
68,2023-08-16 16:24:25.190959,nan,0,nan,-2
69,2023-08-16 16:24:25.294965,nan,0,nan,-2
70,2023-08-16 16:24:25.420558,459.0,0,916.39,-2
71,2023-08-16 16:24:25.532664,nan,0,nan,-2
72,2023-08-16 16:24:25.636212,408.75,0,819.4075,-2
73,2023-08-16 16:24:25.741179,nan,0,nan,-2
74,2023-08-16 16:24:25.857624,nan,0,nan,-2
75,2023-08-16 16:24:26.000327,nan,0,nan,-2
76,2023-08-16 16:24:26.104007,643.0,0,1271.51,-2
77,2023-08-16 16:24:26.235457,nan,0,nan,-2
78,2023-08-16 16:24:26.399583,nan,0,nan,-2
79,2023-08-16 16:24:26.559523,nan,0,nan,-2
80,2023-08-16 16:24:26.684815,nan,0,nan,-2
81,2023-08-16 16:24:26.770346,nan,0,nan,-2
82,2023-08-16 16:24:26.875774,543.75,0,1079.9575,-2
83,2023-08-16 16:24:26.987712,nan,0,nan,-2
84,2023-08-16 16:24:27.130168,nan,0,nan,-2
85,2023-08-16 16:24:27.290150,nan,0,nan,-2
86,2023-08-16 16:24:27.411780,nan,0,nan,-2
87,2023-08-16 16:24:27.528448,nan,0,nan,-2
88,2023-08-16 16:24:27.636850,nan,0,nan,-2
89,2023-08-16 16:24:27.760106,nan,0,nan,-2
90,2023-08-16 16:24:27.880587,nan,0,nan,-2
91,2023-08-16 16:24:28.018699,nan,0,nan,-2
92,2023-08-16 16:24:28.135802,nan,0,nan,-2
93,2023-08-16 16:24:28.254734,nan,0,nan,-2
94,2023-08-16 16:24:28.375306,nan,0,nan,-2
95,2023-08-16 16:24:28.477651,nan,0,nan,-2
96,2023-08-16 16:24:28.592536,nan,0,nan,-2
97,2023-08-16 16:24:28.745816,nan,0,nan,-2
98,2023-08-16 16:24:28.861005,nan,0,nan,-2
99,2023-08-16 16:24:28.985905,nan,0,nan,-2
100,2023-08-16 16:24:29.101109,502.75,0,1000.8274999999999,-2
1,2023-08-16 16:24:29.206116,594.5,0,1177.905,-2
2,2023-08-16 16:24:29.371881,nan,0,nan,-2
3,2023-08-16 16:24:29.476157,nan,0,nan,-2
4,2023-08-16 16:24:29.586139,nan,0,nan,-2
5,2023-08-16 16:24:29.716750,nan,0,nan,-2
6,2023-08-16 16:24:29.815699,nan,0,nan,-2
7,2023-08-16 16:24:29.932974,nan,0,nan,-2
8,2023-08-16 16:24:30.058737,nan,0,nan,-2
9,2023-08-16 16:24:30.171164,nan,0,nan,-2
10,2023-08-16 16:24:30.278171,nan,0,nan,-2
11,2023-08-16 16:24:30.389419,nan,0,nan,-2
12,2023-08-16 16:24:30.502397,nan,0,nan,-2
13,2023-08-16 16:24:30.618014,nan,0,nan,-2
14,2023-08-16 16:24:30.754697,334.0,0,675.1399999999999,-2
15,2023-08-16 16:24:30.881516,397.5,0,797.6949999999999,-2
16,2023-08-16 16:24:31.038445,nan,0,nan,-2
17,2023-08-16 16:24:31.148268,nan,0,nan,-2
18,2023-08-16 16:24:31.276324,nan,0,nan,-2
19,2023-08-16 16:24:31.398405,nan,0,nan,-2
20,2023-08-16 16:24:31.508825,nan,0,nan,-2
21,2023-08-16 16:24:31.605281,nan,0,nan,-2
22,2023-08-16 16:24:31.773142,nan,0,nan,-2
23,2023-08-16 16:24:31.873437,331.0,0,669.3499999999999,-2
24,2023-08-16 16:24:32.002744,448.5,0,896.125,-2
25,2023-08-16 16:24:32.112571,nan,0,nan,-2
26,2023-08-16 16:24:32.219127,nan,0,nan,-2
27,2023-08-16 16:24:32.350854,nan,0,nan,-2
28,2023-08-16 16:24:32.475009,nan,0,nan,-2
29,2023-08-16 16:24:32.613318,nan,0,nan,-2
30,2023-08-16 16:24:32.715738,nan,0,nan,-2
31,2023-08-16 16:24:32.836642,nan,0,nan,-2
32,2023-08-16 16:24:32.942059,nan,0,nan,-2
33,2023-08-16 16:24:33.056173,nan,0,nan,-2
34,2023-08-16 16:24:33.182877,nan,0,nan,-2
35,2023-08-16 16:24:33.284731,nan,0,nan,-2
36,2023-08-16 16:24:33.386928,nan,0,nan,-2
37,2023-08-16 16:24:33.502500,nan,0,nan,-2
38,2023-08-16 16:24:33.617931,nan,0,nan,-2
39,2023-08-16 16:24:33.720190,313.5,0,635.575,-2
40,2023-08-16 16:24:33.813647,nan,0,nan,-2
41,2023-08-16 16:24:33.943138,nan,0,nan,-2
42,2023-08-16 16:24:34.089141,1120.5,0,2193.085,-2
43,2023-08-16 16:24:34.200703,550.75,0,1093.4675,-2
44,2023-08-16 16:24:34.307919,nan,0,nan,-2
45,2023-08-16 16:24:34.411502,nan,0,nan,-2
46,2023-08-16 16:24:34.550446,999.5,0,1959.5549999999998,-2
47,2023-08-16 16:24:34.673918,nan,0,nan,-2
48,2023-08-16 16:24:34.764315,nan,0,nan,-2
49,2023-08-16 16:24:34.866121,nan,0,nan,-2
50,2023-08-16 16:24:34.980640,nan,0,nan,-2
51,2023-08-16 16:24:35.110225,nan,0,nan,-2
52,2023-08-16 16:24:35.302397,nan,0,nan,-2
53,2023-08-16 16:24:35.440100,nan,0,nan,-2
54,2023-08-16 16:24:35.565264,nan,0,nan,-2
55,2023-08-16 16:24:35.675827,nan,0,nan,-2
56,2023-08-16 16:24:35.766988,nan,0,nan,-2
57,2023-08-16 16:24:35.878217,nan,0,nan,-2
58,2023-08-16 16:24:36.008981,nan,0,nan,-2
59,2023-08-16 16:24:36.120467,nan,0,nan,-2
60,2023-08-16 16:24:36.229417,nan,0,nan,-2
61,2023-08-16 16:24:36.360480,324.5,0,656.805,-2
62,2023-08-16 16:24:36.474358,nan,0,nan,-2
63,2023-08-16 16:24:36.579817,nan,0,nan,-2
64,2023-08-16 16:24:36.699397,nan,0,nan,-2
65,2023-08-16 16:24:36.805013,nan,0,nan,-2
66,2023-08-16 16:24:36.907900,331.0,0,669.3499999999999,-2
67,2023-08-16 16:24:37.020979,nan,0,nan,-2
68,2023-08-16 16:24:37.160070,323.0,0,653.91,-2
69,2023-08-16 16:24:37.290419,nan,0,nan,-2
70,2023-08-16 16:24:37.401768,nan,0,nan,-2
71,2023-08-16 16:24:37.509518,nan,0,nan,-2
72,2023-08-16 16:24:37.606801,351.0,0,707.9499999999999,-2
73,2023-08-16 16:24:37.717204,nan,0,nan,-2
74,2023-08-16 16:24:37.840233,nan,0,nan,-2
75,2023-08-16 16:24:37.971738,nan,0,nan,-2
76,2023-08-16 16:24:38.133270,nan,0,nan,-2
77,2023-08-16 16:24:38.260483,nan,0,nan,-2
78,2023-08-16 16:24:38.370190,nan,0,nan,-2
79,2023-08-16 16:24:38.503414,nan,0,nan,-2
80,2023-08-16 16:24:38.625545,nan,0,nan,-2
81,2023-08-16 16:24:38.742749,nan,0,nan,-2
82,2023-08-16 16:24:38.835351,319.5,0,647.155,-2
83,2023-08-16 16:24:38.972535,nan,0,nan,-2
84,2023-08-16 16:24:39.082116,nan,0,nan,-2
85,2023-08-16 16:24:39.194689,356.5,0,718.5649999999999,-2
86,2023-08-16 16:24:39.405579,nan,0,nan,-2
87,2023-08-16 16:24:39.528617,nan,0,nan,-2
88,2023-08-16 16:24:39.630335,nan,0,nan,-2
89,2023-08-16 16:24:39.736533,nan,0,nan,-2
90,2023-08-16 16:24:39.840320,nan,0,nan,-2
91,2023-08-16 16:24:39.939938,nan,0,nan,-2
92,2023-08-16 16:24:40.074227,nan,0,nan,-2
93,2023-08-16 16:24:40.181502,nan,0,nan,-2
94,2023-08-16 16:24:40.293109,nan,0,nan,-2
95,2023-08-16 16:24:40.415430,nan,0,nan,-2
96,2023-08-16 16:24:40.530881,419.0,0,839.1899999999999,-2
97,2023-08-16 16:24:40.641552,nan,0,nan,-2
98,2023-08-16 16:24:40.752021,nan,0,nan,-2
99,2023-08-16 16:24:40.853613,nan,0,nan,-2
100,2023-08-16 16:24:40.965597,nan,0,nan,-2
1,2023-08-16 16:24:41.056926,nan,0,nan,-2
2,2023-08-16 16:24:41.163015,312.0,0,632.68,-2
3,2023-08-16 16:24:41.279790,nan,0,nan,-2
4,2023-08-16 16:24:41.378583,nan,0,nan,-2
5,2023-08-16 16:24:41.492213,467.0,0,931.8299999999999,-2
6,2023-08-16 16:24:41.631623,nan,0,nan,-2
7,2023-08-16 16:24:41.778352,nan,0,nan,-2
8,2023-08-16 16:24:41.891112,nan,0,nan,-2
9,2023-08-16 16:24:41.980936,303.0,0,615.31,-2
10,2023-08-16 16:24:42.120497,nan,0,nan,-2
11,2023-08-16 16:24:42.238365,nan,0,nan,-2
12,2023-08-16 16:24:42.343799,nan,0,nan,-2
13,2023-08-16 16:24:42.454691,nan,0,nan,-2
14,2023-08-16 16:24:42.566114,nan,0,nan,-2
15,2023-08-16 16:24:42.691055,361.0,0,727.25,-2
16,2023-08-16 16:24:42.806910,nan,0,nan,-2
17,2023-08-16 16:24:42.920765,nan,0,nan,-2
18,2023-08-16 16:24:43.066772,nan,0,nan,-2
19,2023-08-16 16:24:43.182389,311.0,0,630.75,-2
20,2023-08-16 16:24:43.346465,nan,0,nan,-2
21,2023-08-16 16:24:43.453277,489.5,0,975.255,-2
22,2023-08-16 16:24:43.560577,nan,0,nan,-2
23,2023-08-16 16:24:43.709744,nan,0,nan,-2
24,2023-08-16 16:24:43.831954,nan,0,nan,-2
25,2023-08-16 16:24:43.978721,nan,0,nan,-2
26,2023-08-16 16:24:44.099328,nan,0,nan,-2
27,2023-08-16 16:24:44.229331,nan,0,nan,-2
28,2023-08-16 16:24:44.343392,nan,0,nan,-2
29,2023-08-16 16:24:44.443893,nan,0,nan,-2
30,2023-08-16 16:24:44.589004,nan,0,nan,-2
31,2023-08-16 16:28:39.698644,nan,0,nan,-2
32,2023-08-16 16:28:39.898564,nan,0,nan,-2
33,2023-08-16 16:28:40.070432,nan,0,nan,-2
34,2023-08-16 16:28:40.256848,707.5,0,1395.995,-2
35,2023-08-16 16:28:40.420328,nan,0,nan,-2
36,2023-08-16 16:28:40.589070,nan,0,nan,-2
37,2023-08-16 16:28:40.755866,508.0,0,1010.9599999999999,-2
38,2023-08-16 16:28:40.854487,nan,0,nan,-2
39,2023-08-16 16:28:40.986045,nan,0,nan,-2
40,2023-08-16 16:28:41.098850,nan,0,nan,-2
41,2023-08-16 16:28:41.229177,nan,0,nan,-2
42,2023-08-16 16:28:41.341067,nan,0,nan,-2
43,2023-08-16 16:28:41.463640,408.75,0,819.4075,-2
44,2023-08-16 16:28:41.580610,nan,0,nan,-2
45,2023-08-16 16:28:41.740657,nan,0,nan,-2
46,2023-08-16 16:28:41.862403,nan,0,nan,-2
47,2023-08-16 16:28:41.959100,nan,0,nan,-2
48,2023-08-16 16:28:42.116000,nan,0,nan,-2
49,2023-08-16 16:28:42.234075,nan,0,nan,-2
50,2023-08-16 16:28:42.372185,nan,0,nan,-2
51,2023-08-16 16:28:42.501170,nan,0,nan,-2
52,2023-08-16 16:28:42.599937,436.5,0,872.9649999999999,-2
53,2023-08-16 16:28:42.712129,nan,0,nan,-2
54,2023-08-16 16:28:42.896948,nan,0,nan,-2
55,2023-08-16 16:28:43.043368,nan,0,nan,-2
56,2023-08-16 16:28:43.155611,nan,0,nan,-2
57,2023-08-16 16:28:43.332646,nan,0,nan,-2
58,2023-08-16 16:28:43.458196,nan,0,nan,-2
59,2023-08-16 16:28:43.581511,nan,0,nan,-2
60,2023-08-16 16:28:43.684342,638.5,0,1262.825,-2
61,2023-08-16 16:28:43.790262,nan,0,nan,-2
62,2023-08-16 16:28:43.880815,nan,0,nan,-2
63,2023-08-16 16:28:43.984712,nan,0,nan,-2
64,2023-08-16 16:28:44.095313,nan,0,nan,-2
65,2023-08-16 16:28:44.213782,nan,0,nan,-2
66,2023-08-16 16:28:44.324446,nan,0,nan,-2
67,2023-08-16 16:28:44.422902,nan,0,nan,-2
68,2023-08-16 16:28:44.528020,nan,0,nan,-2
69,2023-08-16 16:28:44.676261,nan,0,nan,-2
70,2023-08-16 16:28:44.818692,nan,0,nan,-2
71,2023-08-16 16:28:44.943863,nan,0,nan,-2
72,2023-08-16 16:28:45.067681,nan,0,nan,-2
73,2023-08-16 16:28:45.238217,nan,0,nan,-2
74,2023-08-16 16:28:45.356555,nan,0,nan,-2
75,2023-08-16 16:28:45.447855,337.5,0,681.895,-2
76,2023-08-16 16:28:45.589123,nan,0,nan,-2
77,2023-08-16 16:28:45.718753,nan,0,nan,-2
78,2023-08-16 16:28:45.807281,479.5,0,955.9549999999999,-2
79,2023-08-16 16:28:45.935220,nan,0,nan,-2
80,2023-08-16 16:28:46.055658,nan,0,nan,-2
81,2023-08-16 16:28:46.184741,nan,0,nan,-2
82,2023-08-16 16:28:46.345630,352.5,0,710.8449999999999,-2
83,2023-08-16 16:28:46.499211,nan,0,nan,-2
84,2023-08-16 16:28:46.699821,nan,0,nan,-2
85,2023-08-16 16:28:46.850711,nan,0,nan,-2
86,2023-08-16 16:28:46.965533,nan,0,nan,-2
87,2023-08-16 16:28:47.090481,403.3333333333333,0,808.9533333333333,-2
88,2023-08-16 16:28:47.263379,nan,0,nan,-2
89,2023-08-16 16:28:47.393349,nan,0,nan,-2
90,2023-08-16 16:28:47.539331,nan,0,nan,-2
91,2023-08-16 16:28:47.661408,nan,0,nan,-2
92,2023-08-16 16:28:47.792326,nan,0,nan,-2
93,2023-08-16 16:28:47.893739,342.5,0,691.545,-2
94,2023-08-16 16:28:48.008728,nan,0,nan,-2
95,2023-08-16 16:28:48.121569,nan,0,nan,-2
96,2023-08-16 16:28:48.232569,324.5,0,656.805,-2
97,2023-08-16 16:28:48.380065,nan,0,nan,-2
98,2023-08-16 16:28:48.506275,nan,0,nan,-2
99,2023-08-16 16:28:48.601705,555.5,0,1102.6349999999998,-2
100,2023-08-16 16:28:48.713713,nan,0,nan,-2
1,2023-08-16 16:28:48.849681,nan,0,nan,-2
2,2023-08-16 16:28:48.971628,nan,0,nan,-2
3,2023-08-16 16:28:49.090016,nan,0,nan,-2
4,2023-08-16 16:28:49.204606,nan,0,nan,-2
5,2023-08-16 16:28:49.352897,nan,0,nan,-2
6,2023-08-16 16:28:49.494465,nan,0,nan,-2
7,2023-08-16 16:28:49.619964,nan,0,nan,-2
8,2023-08-16 16:28:49.720661,354.0,0,713.74,-2
9,2023-08-16 16:28:50.017749,nan,0,nan,-2
10,2023-08-16 16:28:50.161719,nan,0,nan,-2
11,2023-08-16 16:28:50.265874,nan,0,nan,-2
12,2023-08-16 16:28:50.369260,nan,0,nan,-2
13,2023-08-16 16:28:50.483124,nan,0,nan,-2
14,2023-08-16 16:28:50.589582,nan,0,nan,-2
15,2023-08-16 16:28:50.719946,nan,0,nan,-2
16,2023-08-16 16:28:50.846115,nan,0,nan,-2
17,2023-08-16 16:28:50.999272,nan,0,nan,-2
18,2023-08-16 16:28:51.121284,nan,0,nan,-2
19,2023-08-16 16:28:51.255482,nan,0,nan,-2
20,2023-08-16 16:28:51.375466,nan,0,nan,-2
21,2023-08-16 16:28:51.520092,nan,0,nan,-2
22,2023-08-16 16:28:51.629010,nan,0,nan,-2
23,2023-08-16 16:28:51.748895,nan,0,nan,-2
24,2023-08-16 16:28:51.888756,nan,0,nan,-2
25,2023-08-16 16:28:52.009168,nan,0,nan,-2
26,2023-08-16 16:28:52.152353,nan,0,nan,-2
27,2023-08-16 16:28:52.274559,nan,0,nan,-2
28,2023-08-16 16:28:52.402407,nan,0,nan,-2
29,2023-08-16 16:28:52.529399,nan,0,nan,-2
30,2023-08-16 16:28:52.672407,nan,0,nan,-2
31,2023-08-16 16:28:52.836926,nan,0,nan,-2
32,2023-08-16 16:28:52.944761,nan,0,nan,-2
33,2023-08-16 16:28:53.055991,nan,0,nan,-2
34,2023-08-16 16:28:53.178330,nan,0,nan,-2
35,2023-08-16 16:28:53.302981,nan,0,nan,-2
36,2023-08-16 16:28:53.425174,nan,0,nan,-2
37,2023-08-16 16:28:53.549438,487.25,0,970.9124999999999,-2
38,2023-08-16 16:28:53.688093,nan,0,nan,-2
39,2023-08-16 16:28:53.810325,nan,0,nan,-2
40,2023-08-16 16:28:53.916842,nan,0,nan,-2
41,2023-08-16 16:28:54.044487,nan,0,nan,-2
42,2023-08-16 16:28:54.193313,nan,0,nan,-2
43,2023-08-16 16:28:54.352099,nan,0,nan,-2
44,2023-08-16 16:28:54.479440,nan,0,nan,-2
45,2023-08-16 16:28:54.601932,nan,0,nan,-2
46,2023-08-16 16:28:54.740873,nan,0,nan,-2
47,2023-08-16 16:28:54.841094,nan,0,nan,-2
48,2023-08-16 16:28:54.992599,nan,0,nan,-2
49,2023-08-16 16:28:55.092965,nan,0,nan,-2
50,2023-08-16 16:28:55.196311,nan,0,nan,-2
51,2023-08-16 16:28:55.385202,nan,0,nan,-2
52,2023-08-16 16:28:55.499607,nan,0,nan,-2
53,2023-08-16 16:28:55.602295,nan,0,nan,-2
54,2023-08-16 16:28:55.729436,338.0,0,682.86,-2
55,2023-08-16 16:28:55.832531,nan,0,nan,-2
56,2023-08-16 16:28:55.944132,nan,0,nan,-2
57,2023-08-16 16:28:56.060796,nan,0,nan,-2
58,2023-08-16 16:28:56.208211,nan,0,nan,-2
59,2023-08-16 16:28:56.325535,624.0,0,1234.84,-2
60,2023-08-16 16:28:56.460166,nan,0,nan,-2
61,2023-08-16 16:28:56.586298,nan,0,nan,-2
62,2023-08-16 16:28:56.734518,nan,0,nan,-2
63,2023-08-16 16:28:56.866572,412.0,0,825.68,-2
64,2023-08-16 16:28:56.991543,nan,0,nan,-2
65,2023-08-16 16:28:57.107273,nan,0,nan,-2
66,2023-08-16 16:28:57.243352,nan,0,nan,-2
67,2023-08-16 16:28:57.376724,nan,0,nan,-2
68,2023-08-16 16:28:57.513577,nan,0,nan,-2
69,2023-08-16 16:28:57.624190,nan,0,nan,-2
70,2023-08-16 16:28:57.725310,nan,0,nan,-2
71,2023-08-16 16:28:57.830763,nan,0,nan,-2
72,2023-08-16 16:28:58.007065,nan,0,nan,-2
73,2023-08-16 16:28:58.147061,469.75,0,937.1374999999998,-2
74,2023-08-16 16:28:58.256445,nan,0,nan,-2
75,2023-08-16 16:28:58.361198,nan,0,nan,-2
76,2023-08-16 16:28:58.482056,nan,0,nan,-2
77,2023-08-16 16:28:58.605699,1058.0,0,2072.46,-2
78,2023-08-16 16:28:58.757283,nan,0,nan,-2
79,2023-08-16 16:28:58.869271,nan,0,nan,-2
80,2023-08-16 16:28:58.983905,388.5,0,780.3249999999999,-2
81,2023-08-16 16:28:59.106227,nan,0,nan,-2
82,2023-08-16 16:28:59.251155,697.5,0,1376.695,-2
83,2023-08-16 16:28:59.385599,nan,0,nan,-2
84,2023-08-16 16:28:59.492351,475.5,0,948.2349999999999,-2
85,2023-08-16 16:28:59.604509,nan,0,nan,-2
86,2023-08-16 16:28:59.720891,nan,0,nan,-2
87,2023-08-16 16:28:59.835055,nan,0,nan,-2
88,2023-08-16 16:28:59.981225,nan,0,nan,-2
89,2023-08-16 16:29:00.119031,nan,0,nan,-2
90,2023-08-16 16:29:00.226876,nan,0,nan,-2
91,2023-08-16 16:29:00.354813,nan,0,nan,-2
92,2023-08-16 16:29:00.485023,nan,0,nan,-2
93,2023-08-16 16:29:00.610679,nan,0,nan,-2
94,2023-08-16 16:29:00.723354,nan,0,nan,-2
95,2023-08-16 16:29:00.821900,nan,0,nan,-2
96,2023-08-16 16:29:00.929804,388.5,0,780.3249999999999,-2
97,2023-08-16 16:29:01.047393,nan,0,nan,-2
98,2023-08-16 16:29:01.164458,nan,0,nan,-2
99,2023-08-16 16:29:01.287035,nan,0,nan,-2
100,2023-08-16 16:29:01.405597,nan,0,nan,-2
1,2023-08-16 16:29:01.549966,nan,0,nan,-2
2,2023-08-16 16:29:01.684078,nan,0,nan,-2
3,2023-08-16 16:29:01.830955,nan,0,nan,-2
4,2023-08-16 16:29:01.980708,nan,0,nan,-2
5,2023-08-16 16:29:02.113345,nan,0,nan,-2
6,2023-08-16 16:29:02.229154,nan,0,nan,-2
7,2023-08-16 16:29:02.328854,nan,0,nan,-2
8,2023-08-16 16:29:02.431194,nan,0,nan,-2
9,2023-08-16 16:29:02.601662,nan,0,nan,-2
10,2023-08-16 16:29:02.761304,nan,0,nan,-2
11,2023-08-16 16:29:02.867591,329.0,0,665.49,-2
12,2023-08-16 16:29:02.977931,nan,0,nan,-2
13,2023-08-16 16:29:03.151370,nan,0,nan,-2
14,2023-08-16 16:29:03.335608,nan,0,nan,-2
15,2023-08-16 16:29:03.439733,nan,0,nan,-2
16,2023-08-16 16:29:03.581288,nan,0,nan,-2
17,2023-08-16 16:29:03.708327,nan,0,nan,-2
18,2023-08-16 16:29:03.818738,nan,0,nan,-2
19,2023-08-16 16:29:03.935861,nan,0,nan,-2
20,2023-08-16 16:29:04.086194,nan,0,nan,-2
21,2023-08-16 16:29:04.207798,nan,0,nan,-2
22,2023-08-16 16:29:04.315840,nan,0,nan,-2
23,2023-08-16 16:29:04.421925,nan,0,nan,-2
24,2023-08-16 16:29:04.547949,nan,0,nan,-2
25,2023-08-16 16:29:04.647898,329.0,0,665.49,-2
26,2023-08-16 16:29:04.746440,nan,0,nan,-2
27,2023-08-16 16:29:04.853871,nan,0,nan,-2
28,2023-08-16 16:29:04.983785,nan,0,nan,-2
29,2023-08-16 16:29:05.134317,nan,0,nan,-2
30,2023-08-16 16:29:05.300758,nan,0,nan,-2
31,2023-08-16 16:29:05.436874,nan,0,nan,-2
32,2023-08-16 16:29:05.541320,nan,0,nan,-2
33,2023-08-16 16:29:05.654586,nan,0,nan,-2
34,2023-08-16 16:29:05.759103,359.8333333333333,0,724.9983333333333,-2
35,2023-08-16 16:29:05.865536,nan,0,nan,-2
36,2023-08-16 16:29:06.009021,nan,0,nan,-2
37,2023-08-16 16:29:06.166192,nan,0,nan,-2
38,2023-08-16 16:29:06.277710,nan,0,nan,-2
39,2023-08-16 16:29:06.386719,nan,0,nan,-2
40,2023-08-16 16:29:06.512957,nan,0,nan,-2
41,2023-08-16 16:29:06.629188,nan,0,nan,-2
42,2023-08-16 16:29:06.762315,nan,0,nan,-2
43,2023-08-16 16:29:06.869541,nan,0,nan,-2
44,2023-08-16 16:29:07.018449,488.0,0,972.3599999999999,-2
45,2023-08-16 16:29:07.148179,nan,0,nan,-2
46,2023-08-16 16:29:07.271351,nan,0,nan,-2
47,2023-08-16 16:29:07.385028,nan,0,nan,-2
48,2023-08-16 16:29:07.500565,nan,0,nan,-2
49,2023-08-16 16:29:07.618413,nan,0,nan,-2
50,2023-08-16 16:29:07.735447,415.5,0,832.435,-2
51,2023-08-16 16:29:07.842727,nan,0,nan,-2
52,2023-08-16 16:29:07.966242,nan,0,nan,-2
53,2023-08-16 16:29:08.091535,nan,0,nan,-2
54,2023-08-16 16:29:08.205637,nan,0,nan,-2
55,2023-08-16 16:29:08.341825,nan,0,nan,-2
56,2023-08-16 16:29:08.456553,nan,0,nan,-2
57,2023-08-16 16:29:08.566694,nan,0,nan,-2
58,2023-08-16 16:29:08.678357,nan,0,nan,-2
59,2023-08-16 16:29:08.794246,nan,0,nan,-2
60,2023-08-16 16:29:08.898091,nan,0,nan,-2
61,2023-08-16 16:29:09.019633,nan,0,nan,-2
62,2023-08-16 16:29:09.124809,nan,0,nan,-2
63,2023-08-16 16:29:09.308470,nan,0,nan,-2
64,2023-08-16 16:29:09.468419,nan,0,nan,-2
65,2023-08-16 16:29:09.598798,nan,0,nan,-2
66,2023-08-16 16:29:09.725209,nan,0,nan,-2
67,2023-08-16 16:29:09.859326,nan,0,nan,-2
68,2023-08-16 16:29:09.982467,nan,0,nan,-2
69,2023-08-16 16:29:10.103065,nan,0,nan,-2
70,2023-08-16 16:29:10.216564,nan,0,nan,-2
71,2023-08-16 16:29:10.334654,nan,0,nan,-2
72,2023-08-16 16:29:10.459942,nan,0,nan,-2
73,2023-08-16 16:29:10.589684,nan,0,nan,-2
74,2023-08-16 16:29:10.733008,nan,0,nan,-2
75,2023-08-16 16:29:10.846783,357.5,0,720.495,-2
76,2023-08-16 16:29:11.001370,nan,0,nan,-2
77,2023-08-16 16:29:11.140527,nan,0,nan,-2
78,2023-08-16 16:29:11.260756,nan,0,nan,-2
79,2023-08-16 16:29:11.363997,nan,0,nan,-2
80,2023-08-16 16:29:11.487634,nan,0,nan,-2
81,2023-08-16 16:29:11.606593,nan,0,nan,-2
82,2023-08-16 16:29:11.718683,nan,0,nan,-2
83,2023-08-16 16:29:11.819073,nan,0,nan,-2
84,2023-08-16 16:29:11.949648,nan,0,nan,-2
85,2023-08-16 16:29:12.088786,nan,0,nan,-2
86,2023-08-16 16:29:12.197926,nan,0,nan,-2
87,2023-08-16 16:29:12.309717,nan,0,nan,-2
88,2023-08-16 16:29:12.433094,nan,0,nan,-2
89,2023-08-16 16:29:12.568911,nan,0,nan,-2
90,2023-08-16 16:29:12.687606,nan,0,nan,-2
91,2023-08-16 16:29:12.795215,nan,0,nan,-2
92,2023-08-16 16:29:12.910076,nan,0,nan,-2
93,2023-08-16 16:29:13.053724,nan,0,nan,-2
94,2023-08-16 16:29:13.191388,nan,0,nan,-2
95,2023-08-16 16:29:13.349624,nan,0,nan,-2
96,2023-08-16 16:29:13.467890,nan,0,nan,-2
97,2023-08-16 16:29:13.595410,nan,0,nan,-2
98,2023-08-16 16:29:13.717814,nan,0,nan,-2
99,2023-08-16 16:29:13.851486,nan,0,nan,-2
100,2023-08-16 16:29:14.006855,nan,0,nan,-2
1,2023-08-16 16:29:14.128860,nan,0,nan,-2
2,2023-08-16 16:29:14.263229,335.5,0,678.035,-2
3,2023-08-16 16:29:14.374430,nan,0,nan,-2
4,2023-08-16 16:29:14.496372,nan,0,nan,-2
5,2023-08-16 16:29:14.670650,nan,0,nan,-2
6,2023-08-16 16:29:14.802595,nan,0,nan,-2
7,2023-08-16 16:29:14.929192,nan,0,nan,-2
8,2023-08-16 16:29:15.053672,nan,0,nan,-2
9,2023-08-16 16:29:15.195775,nan,0,nan,-2
10,2023-08-16 16:29:15.363094,nan,0,nan,-2
11,2023-08-16 16:29:15.483619,nan,0,nan,-2
12,2023-08-16 16:29:15.611933,307.5,0,623.995,-2
13,2023-08-16 16:29:15.736400,nan,0,nan,-2
14,2023-08-16 16:29:15.848721,nan,0,nan,-2
15,2023-08-16 16:29:15.948651,432.5,0,865.245,-2
16,2023-08-16 16:29:16.065293,nan,0,nan,-2
17,2023-08-16 16:29:16.206317,nan,0,nan,-2
18,2023-08-16 16:29:16.347973,nan,0,nan,-2
19,2023-08-16 16:29:16.472962,nan,0,nan,-2
20,2023-08-16 16:29:16.578924,nan,0,nan,-2
21,2023-08-16 16:29:16.729937,nan,0,nan,-2
22,2023-08-16 16:29:16.877601,nan,0,nan,-2
23,2023-08-16 16:29:17.000779,559.5,0,1110.355,-2
24,2023-08-16 16:29:17.113061,nan,0,nan,-2
25,2023-08-16 16:29:17.232617,nan,0,nan,-2
26,2023-08-16 16:29:17.369882,nan,0,nan,-2
27,2023-08-16 16:29:17.499289,nan,0,nan,-2
28,2023-08-16 16:29:17.617474,nan,0,nan,-2
29,2023-08-16 16:29:17.765188,nan,0,nan,-2
30,2023-08-16 16:29:17.883193,nan,0,nan,-2
31,2023-08-16 16:29:17.996981,nan,0,nan,-2
32,2023-08-16 16:29:18.120264,nan,0,nan,-2
33,2023-08-16 16:29:18.228178,nan,0,nan,-2
34,2023-08-16 16:29:18.328277,357.0,0,719.53,-2
35,2023-08-16 16:29:18.459013,448.0,0,895.16,-2
36,2023-08-16 16:29:18.565743,328.5,0,664.525,-2
37,2023-08-16 16:29:18.671579,nan,0,nan,-2
38,2023-08-16 16:29:18.774271,nan,0,nan,-2
39,2023-08-16 16:29:18.928560,nan,0,nan,-2
40,2023-08-16 16:29:19.111556,nan,0,nan,-2
41,2023-08-16 16:29:19.252344,nan,0,nan,-2
42,2023-08-16 16:29:19.385159,nan,0,nan,-2
43,2023-08-16 16:29:19.523892,nan,0,nan,-2
44,2023-08-16 16:29:19.639010,nan,0,nan,-2
45,2023-08-16 16:29:19.867772,nan,0,nan,-2
46,2023-08-16 16:29:20.032242,nan,0,nan,-2
47,2023-08-16 16:29:20.171498,nan,0,nan,-2
48,2023-08-16 16:29:20.292912,nan,0,nan,-2
49,2023-08-16 16:29:20.462051,nan,0,nan,-2
50,2023-08-16 16:29:20.640976,nan,0,nan,-2
51,2023-08-16 16:29:20.763359,nan,0,nan,-2
52,2023-08-16 16:29:20.867145,nan,0,nan,-2
53,2023-08-16 16:29:20.978104,nan,0,nan,-2
54,2023-08-16 16:29:21.129583,nan,0,nan,-2
55,2023-08-16 16:29:21.259049,nan,0,nan,-2
56,2023-08-16 16:29:21.381073,nan,0,nan,-2
57,2023-08-16 16:29:21.517209,nan,0,nan,-2
58,2023-08-16 16:29:21.666305,nan,0,nan,-2
59,2023-08-16 16:29:21.789631,nan,0,nan,-2
60,2023-08-16 16:29:21.909885,nan,0,nan,-2
61,2023-08-16 16:29:22.030351,nan,0,nan,-2
62,2023-08-16 16:29:22.156923,nan,0,nan,-2
63,2023-08-16 16:29:22.299189,nan,0,nan,-2
64,2023-08-16 16:29:22.424211,nan,0,nan,-2
65,2023-08-16 16:29:22.579095,nan,0,nan,-2
66,2023-08-16 16:29:22.712999,nan,0,nan,-2
67,2023-08-16 16:29:22.912605,nan,0,nan,-2
68,2023-08-16 16:29:23.036135,nan,0,nan,-2
69,2023-08-16 16:29:23.148174,nan,0,nan,-2
70,2023-08-16 16:29:23.393749,nan,0,nan,-2
71,2023-08-16 16:29:23.529567,nan,0,nan,-2
72,2023-08-16 16:29:23.634543,358.5,0,722.425,-2
73,2023-08-16 16:29:23.750801,nan,0,nan,-2
74,2023-08-16 16:29:23.873450,nan,0,nan,-2
75,2023-08-16 16:29:24.012244,nan,0,nan,-2
76,2023-08-16 16:29:24.129968,nan,0,nan,-2
77,2023-08-16 16:29:24.245360,nan,0,nan,-2
78,2023-08-16 16:29:24.355238,nan,0,nan,-2
79,2023-08-16 16:29:24.481814,nan,0,nan,-2
80,2023-08-16 16:29:24.606629,nan,0,nan,-2
81,2023-08-16 16:29:24.744005,nan,0,nan,-2
82,2023-08-16 16:29:24.860355,nan,0,nan,-2
83,2023-08-16 16:29:25.023286,nan,0,nan,-2
84,2023-08-16 16:29:25.172562,nan,0,nan,-2
85,2023-08-16 16:29:25.303679,nan,0,nan,-2
86,2023-08-16 16:29:25.448675,477.5,0,952.0949999999999,-2
87,2023-08-16 16:29:25.575041,nan,0,nan,-2
88,2023-08-16 16:29:25.694737,316.5,0,641.365,-2
89,2023-08-16 16:29:25.829801,333.0,0,673.2099999999999,-2
90,2023-08-16 16:29:25.950730,nan,0,nan,-2
91,2023-08-16 16:29:26.111955,nan,0,nan,-2
92,2023-08-16 16:29:26.225026,nan,0,nan,-2
93,2023-08-16 16:29:26.409505,nan,0,nan,-2
94,2023-08-16 16:29:26.570972,762.5,0,1502.145,-2
95,2023-08-16 16:29:26.711060,nan,0,nan,-2
96,2023-08-16 16:29:26.820988,nan,0,nan,-2
97,2023-08-16 16:29:26.940697,nan,0,nan,-2
98,2023-08-16 16:29:27.050054,314.0,0,636.54,-2
99,2023-08-16 16:29:27.172638,nan,0,nan,-2
100,2023-08-16 16:29:27.369051,nan,0,nan,-2
1,2023-08-16 16:29:27.481481,nan,0,nan,-2
2,2023-08-16 16:29:27.595176,nan,0,nan,-2
3,2023-08-16 16:29:27.749038,nan,0,nan,-2
4,2023-08-16 16:29:27.850722,nan,0,nan,-2
5,2023-08-16 16:29:27.965522,nan,0,nan,-2
6,2023-08-16 16:29:28.094491,nan,0,nan,-2
7,2023-08-16 16:29:28.227665,nan,0,nan,-2
8,2023-08-16 16:29:28.340397,467.5,0,932.795,-2
9,2023-08-16 16:29:28.480739,nan,0,nan,-2
10,2023-08-16 16:29:28.595379,362.5,0,730.145,-2
11,2023-08-16 16:29:28.696809,nan,0,nan,-2
12,2023-08-16 16:29:28.806044,nan,0,nan,-2
13,2023-08-16 16:29:28.932731,nan,0,nan,-2
14,2023-08-16 16:29:29.068775,nan,0,nan,-2
15,2023-08-16 16:29:29.191396,nan,0,nan,-2
16,2023-08-16 16:29:29.384576,nan,0,nan,-2
17,2023-08-16 16:29:29.541014,nan,0,nan,-2
18,2023-08-16 16:29:29.697405,nan,0,nan,-2
19,2023-08-16 16:29:29.941671,nan,0,nan,-2
20,2023-08-16 16:29:30.082718,nan,0,nan,-2
21,2023-08-16 16:29:30.197676,nan,0,nan,-2
22,2023-08-16 16:29:30.303481,nan,0,nan,-2
23,2023-08-16 16:29:30.409932,nan,0,nan,-2
24,2023-08-16 16:29:30.541767,nan,0,nan,-2
25,2023-08-16 16:29:30.684172,nan,0,nan,-2
26,2023-08-16 16:29:30.812314,nan,0,nan,-2
27,2023-08-16 16:29:30.932276,nan,0,nan,-2
28,2023-08-16 16:29:31.069219,nan,0,nan,-2
29,2023-08-16 16:29:31.268991,557.0,0,1105.53,-2
30,2023-08-16 16:29:31.435741,nan,0,nan,-2
31,2023-08-16 16:29:31.548892,nan,0,nan,-2
32,2023-08-16 16:29:31.671307,nan,0,nan,-2
33,2023-08-16 16:29:31.788512,nan,0,nan,-2
34,2023-08-16 16:29:31.914457,nan,0,nan,-2
35,2023-08-16 16:29:32.030224,nan,0,nan,-2
36,2023-08-16 16:29:32.190059,nan,0,nan,-2
37,2023-08-16 16:29:32.331386,nan,0,nan,-2
38,2023-08-16 16:29:32.517948,nan,0,nan,-2
39,2023-08-16 16:29:32.655283,nan,0,nan,-2
40,2023-08-16 16:29:32.765160,nan,0,nan,-2
41,2023-08-16 16:29:32.880916,nan,0,nan,-2
42,2023-08-16 16:29:33.012730,nan,0,nan,-2
43,2023-08-16 16:29:33.163955,nan,0,nan,-2
44,2023-08-16 16:29:33.294395,nan,0,nan,-2
45,2023-08-16 16:29:33.393298,nan,0,nan,-2
46,2023-08-16 16:29:33.511560,nan,0,nan,-2
47,2023-08-16 16:29:33.622966,nan,0,nan,-2
48,2023-08-16 16:29:33.816186,nan,0,nan,-2
49,2023-08-16 16:29:33.958575,nan,0,nan,-2
50,2023-08-16 16:29:34.067789,nan,0,nan,-2
51,2023-08-16 16:29:34.199932,nan,0,nan,-2
52,2023-08-16 16:29:34.306815,nan,0,nan,-2
53,2023-08-16 16:29:34.426524,nan,0,nan,-2
54,2023-08-16 16:29:34.536576,nan,0,nan,-2
55,2023-08-16 16:29:34.679130,nan,0,nan,-2
56,2023-08-16 16:29:34.794368,nan,0,nan,-2
57,2023-08-16 16:29:34.907141,nan,0,nan,-2
58,2023-08-16 16:29:35.022147,nan,0,nan,-2
59,2023-08-16 16:29:35.167742,nan,0,nan,-2
60,2023-08-16 16:29:35.344449,nan,0,nan,-2
61,2023-08-16 16:29:35.468936,nan,0,nan,-2
62,2023-08-16 16:29:35.592260,nan,0,nan,-2
63,2023-08-16 16:29:35.706824,nan,0,nan,-2
64,2023-08-16 16:29:35.840259,nan,0,nan,-2
65,2023-08-16 16:29:35.956027,nan,0,nan,-2
66,2023-08-16 16:29:36.112275,nan,0,nan,-2
67,2023-08-16 16:29:36.262547,nan,0,nan,-2
68,2023-08-16 16:29:36.363435,nan,0,nan,-2
69,2023-08-16 16:29:36.464569,nan,0,nan,-2
70,2023-08-16 16:29:36.581344,nan,0,nan,-2
71,2023-08-16 16:29:36.714332,nan,0,nan,-2
72,2023-08-16 16:29:36.828563,nan,0,nan,-2
73,2023-08-16 16:29:36.942009,nan,0,nan,-2
74,2023-08-16 16:29:37.063273,nan,0,nan,-2
75,2023-08-16 16:29:37.198034,nan,0,nan,-2
76,2023-08-16 16:29:37.371943,nan,0,nan,-2
77,2023-08-16 16:29:37.492776,nan,0,nan,-2
78,2023-08-16 16:29:37.590304,nan,0,nan,-2
79,2023-08-16 16:29:37.726638,nan,0,nan,-2
80,2023-08-16 16:29:37.837100,nan,0,nan,-2
81,2023-08-16 16:29:37.972190,nan,0,nan,-2
82,2023-08-16 16:29:38.102477,nan,0,nan,-2
83,2023-08-16 16:29:38.225917,nan,0,nan,-2
84,2023-08-16 16:29:38.352227,nan,0,nan,-2
85,2023-08-16 16:29:38.470188,nan,0,nan,-2
86,2023-08-16 16:29:38.566483,325.5,0,658.735,-2
87,2023-08-16 16:29:38.686053,nan,0,nan,-2
88,2023-08-16 16:29:38.802391,nan,0,nan,-2
89,2023-08-16 16:29:38.915501,nan,0,nan,-2
90,2023-08-16 16:29:39.025566,nan,0,nan,-2
91,2023-08-16 16:29:39.133327,nan,0,nan,-2
92,2023-08-16 16:29:39.225934,nan,0,nan,-2
93,2023-08-16 16:29:39.351055,nan,0,nan,-2
94,2023-08-16 16:29:39.438905,nan,0,nan,-2
95,2023-08-16 16:29:39.564609,nan,0,nan,-2
96,2023-08-16 16:29:39.683103,nan,0,nan,-2
97,2023-08-16 16:29:39.802360,nan,0,nan,-2
98,2023-08-16 16:29:39.949380,nan,0,nan,-2
99,2023-08-16 16:29:40.064934,nan,0,nan,-2
100,2023-08-16 16:29:40.211726,nan,0,nan,-2
1,2023-08-16 16:29:40.319542,nan,0,nan,-2
2,2023-08-16 16:29:40.451443,nan,0,nan,-2
3,2023-08-16 16:29:40.562457,nan,0,nan,-2
4,2023-08-16 16:29:40.664921,nan,0,nan,-2
5,2023-08-16 16:29:40.773779,nan,0,nan,-2
6,2023-08-16 16:29:40.870240,nan,0,nan,-2
7,2023-08-16 16:29:40.987864,nan,0,nan,-2
8,2023-08-16 16:29:41.105859,nan,0,nan,-2
9,2023-08-16 16:29:41.244548,nan,0,nan,-2
10,2023-08-16 16:29:41.415666,nan,0,nan,-2
11,2023-08-16 16:29:41.562612,nan,0,nan,-2
12,2023-08-16 16:29:41.685763,487.25,0,970.9124999999999,-2
13,2023-08-16 16:29:41.787136,nan,0,nan,-2
14,2023-08-16 16:29:41.920575,791.0,0,1557.1499999999999,-2
15,2023-08-16 16:29:42.037347,nan,0,nan,-2
16,2023-08-16 16:29:42.157309,nan,0,nan,-2
17,2023-08-16 16:29:42.277483,nan,0,nan,-2
18,2023-08-16 16:29:42.384186,nan,0,nan,-2
19,2023-08-16 16:29:42.512427,nan,0,nan,-2
20,2023-08-16 16:29:42.626980,nan,0,nan,-2
21,2023-08-16 16:29:42.753995,nan,0,nan,-2
22,2023-08-16 16:29:42.868833,nan,0,nan,-2
23,2023-08-16 16:29:42.986111,nan,0,nan,-2
24,2023-08-16 16:29:43.178358,nan,0,nan,-2
25,2023-08-16 16:29:43.339360,nan,0,nan,-2
26,2023-08-16 16:29:43.457919,nan,0,nan,-2
27,2023-08-16 16:29:43.592390,nan,0,nan,-2
28,2023-08-16 16:29:43.713794,nan,0,nan,-2
29,2023-08-16 16:29:43.838155,nan,0,nan,-2
30,2023-08-16 16:29:44.001459,nan,0,nan,-2
31,2023-08-16 16:29:44.135649,nan,0,nan,-2
32,2023-08-16 16:29:44.240721,nan,0,nan,-2
33,2023-08-16 16:29:44.346475,nan,0,nan,-2
34,2023-08-16 16:29:44.500020,nan,0,nan,-2
35,2023-08-16 16:29:44.702810,nan,0,nan,-2
36,2023-08-16 16:29:44.848673,nan,0,nan,-2
37,2023-08-16 16:29:45.029652,nan,0,nan,-2
38,2023-08-16 16:29:45.168919,nan,0,nan,-2
39,2023-08-16 16:29:45.571781,nan,0,nan,-2
40,2023-08-16 16:29:45.758758,nan,0,nan,-2
41,2023-08-16 16:29:45.936207,363.5,0,732.0749999999999,-2
42,2023-08-16 16:29:46.124902,nan,0,nan,-2
43,2023-08-16 16:29:46.291951,nan,0,nan,-2
44,2023-08-16 16:29:46.465906,nan,0,nan,-2
45,2023-08-16 16:29:46.621056,nan,0,nan,-2
46,2023-08-16 16:29:46.757677,354.3333333333333,0,714.3833333333332,-2
47,2023-08-16 16:29:46.928924,nan,0,nan,-2
48,2023-08-16 16:29:47.039105,nan,0,nan,-2
49,2023-08-16 16:29:47.194488,nan,0,nan,-2
50,2023-08-16 16:29:47.384896,nan,0,nan,-2
51,2023-08-16 16:29:47.511430,nan,0,nan,-2
52,2023-08-16 16:29:47.636710,nan,0,nan,-2
53,2023-08-16 16:29:47.753864,nan,0,nan,-2
54,2023-08-16 16:29:47.968381,nan,0,nan,-2
55,2023-08-16 16:29:48.115068,nan,0,nan,-2
56,2023-08-16 16:29:48.241811,nan,0,nan,-2
57,2023-08-16 16:29:48.349069,nan,0,nan,-2
58,2023-08-16 16:29:48.470794,nan,0,nan,-2
59,2023-08-16 16:29:48.610857,nan,0,nan,-2
60,2023-08-16 16:29:48.745447,nan,0,nan,-2
61,2023-08-16 16:29:48.851104,nan,0,nan,-2
62,2023-08-16 16:29:48.954720,nan,0,nan,-2
63,2023-08-16 16:29:49.069886,nan,0,nan,-2
64,2023-08-16 16:29:49.171949,nan,0,nan,-2
65,2023-08-16 16:29:49.421267,nan,0,nan,-2
66,2023-08-16 16:29:49.538505,nan,0,nan,-2
67,2023-08-16 16:29:49.650258,nan,0,nan,-2
68,2023-08-16 16:29:49.752921,nan,0,nan,-2
69,2023-08-16 16:29:49.964972,nan,0,nan,-2
70,2023-08-16 16:29:50.080228,nan,0,nan,-2
71,2023-08-16 16:29:50.183956,nan,0,nan,-2
72,2023-08-16 16:29:50.307384,nan,0,nan,-2
73,2023-08-16 16:29:50.450596,nan,0,nan,-2
74,2023-08-16 16:29:50.567645,319.5,0,647.155,-2
75,2023-08-16 16:29:50.683959,nan,0,nan,-2
76,2023-08-16 16:29:50.839653,901.0,0,1769.4499999999998,-2
77,2023-08-16 16:29:50.986739,nan,0,nan,-2
78,2023-08-16 16:29:51.123838,nan,0,nan,-2
79,2023-08-16 16:29:51.267940,nan,0,nan,-2
80,2023-08-16 16:29:51.759974,nan,0,nan,-2
81,2023-08-16 16:29:51.887932,nan,0,nan,-2
82,2023-08-16 16:29:51.997903,nan,0,nan,-2
83,2023-08-16 16:29:52.124012,nan,0,nan,-2
84,2023-08-16 16:29:52.235698,nan,0,nan,-2
85,2023-08-16 16:29:52.432295,nan,0,nan,-2
86,2023-08-16 16:29:52.766227,nan,0,nan,-2
87,2023-08-16 16:29:52.884266,nan,0,nan,-2
88,2023-08-16 16:29:53.047220,nan,0,nan,-2
89,2023-08-16 16:29:53.180651,nan,0,nan,-2
90,2023-08-16 16:29:53.329218,nan,0,nan,-2
91,2023-08-16 16:29:53.507137,nan,0,nan,-2
92,2023-08-16 16:29:53.646486,nan,0,nan,-2
93,2023-08-16 16:29:53.769438,nan,0,nan,-2
94,2023-08-16 16:29:53.912429,nan,0,nan,-2
95,2023-08-16 16:29:54.077258,nan,0,nan,-2
96,2023-08-16 16:29:54.220497,nan,0,nan,-2
97,2023-08-16 16:29:54.345857,nan,0,nan,-2
98,2023-08-16 16:29:54.478839,nan,0,nan,-2
99,2023-08-16 16:29:54.612776,nan,0,nan,-2
100,2023-08-16 16:29:54.739650,1047.5,0,2052.195,-2
1,2023-08-16 16:29:54.873039,nan,0,nan,-2
2,2023-08-16 16:29:55.025734,nan,0,nan,-2
3,2023-08-16 16:29:55.173095,nan,0,nan,-2
4,2023-08-16 16:29:55.299498,nan,0,nan,-2
5,2023-08-16 16:29:55.423214,nan,0,nan,-2
6,2023-08-16 16:29:55.544039,nan,0,nan,-2
7,2023-08-16 16:29:55.679484,nan,0,nan,-2
8,2023-08-16 16:29:55.800420,nan,0,nan,-2
9,2023-08-16 16:29:55.918233,412.375,0,826.40375,-2
10,2023-08-16 16:29:56.040771,352.0,0,709.8799999999999,-2
11,2023-08-16 16:29:56.224505,nan,0,nan,-2
12,2023-08-16 16:29:56.358052,352.75,0,711.3275,-2
13,2023-08-16 16:29:56.477283,380.2857142857143,0,764.4714285714284,-2
14,2023-08-16 16:29:56.585613,nan,0,nan,-2
15,2023-08-16 16:29:56.737520,339.5,0,685.755,-2
16,2023-08-16 16:29:56.859132,373.0,0,750.41,-2
17,2023-08-16 16:29:56.986671,386.1,0,775.693,-2
18,2023-08-16 16:29:57.115912,365.5,0,735.935,-2
19,2023-08-16 16:29:57.238042,325.0,0,657.77,-2
20,2023-08-16 16:29:57.368191,421.0,0,843.05,-2
21,2023-08-16 16:29:57.486816,449.75,0,898.5374999999999,-2
22,2023-08-16 16:29:57.619759,433.0,0,866.21,-2
23,2023-08-16 16:29:57.752399,378.125,0,760.30125,-2
24,2023-08-16 16:29:57.864086,431.25,0,862.8325,-2
25,2023-08-16 16:29:58.023349,618.1666666666666,0,1223.5816666666667,-2
26,2023-08-16 16:29:58.149040,401.5,0,805.415,-2
27,2023-08-16 16:29:58.271614,482.375,0,961.50375,-2
28,2023-08-16 16:29:58.440371,331.5,0,670.3149999999999,-2
29,2023-08-16 16:29:58.572718,nan,0,nan,-2
30,2023-08-16 16:29:58.681716,543.5,0,1079.475,-2
31,2023-08-16 16:29:58.780442,nan,0,nan,-2
32,2023-08-16 16:29:58.890271,365.0,0,734.9699999999999,-2
33,2023-08-16 16:29:59.034822,344.0,0,694.4399999999999,-2
34,2023-08-16 16:29:59.156577,414.3333333333333,0,830.1833333333334,-2
35,2023-08-16 16:29:59.277329,337.0,0,680.93,-2
36,2023-08-16 16:29:59.399232,387.5,0,778.395,-2
37,2023-08-16 16:29:59.521840,371.5,0,747.515,-2
38,2023-08-16 16:29:59.681350,380.75,0,765.3675000000001,-2
39,2023-08-16 16:29:59.804191,433.6666666666667,0,867.4966666666666,-2
40,2023-08-16 16:30:00.065644,437.5,0,874.895,-2
41,2023-08-16 16:30:00.200086,418.5,0,838.2249999999999,-2
42,2023-08-16 16:30:00.316288,nan,0,nan,-2
43,2023-08-16 16:30:00.443782,429.5,0,859.4549999999999,-2
44,2023-08-16 16:30:00.611981,360.3333333333333,0,725.9633333333333,-2
45,2023-08-16 16:30:00.757415,nan,0,nan,-2
46,2023-08-16 16:30:00.913972,396.5,0,795.765,-2
47,2023-08-16 16:30:01.037743,555.25,0,1102.1525,-2
48,2023-08-16 16:30:01.205281,383.5,0,770.675,-2
49,2023-08-16 16:30:01.367998,465.5,0,928.935,-2
50,2023-08-16 16:30:01.486836,nan,0,nan,-2
51,2023-08-16 16:30:01.623123,509.5,0,1013.8549999999999,-2
52,2023-08-16 16:30:01.754428,461.5,0,921.2149999999999,-2
53,2023-08-16 16:30:01.926344,nan,0,nan,-2
54,2023-08-16 16:30:02.054524,581.0,0,1151.85,-2
55,2023-08-16 16:30:02.259249,384.25,0,772.1225,-2
56,2023-08-16 16:30:02.426785,322.5,0,652.9449999999999,-2
57,2023-08-16 16:30:02.534629,534.5,0,1062.105,-2
58,2023-08-16 16:30:02.797628,397.75,0,798.1774999999999,-2
59,2023-08-16 16:30:02.938739,434.5,0,869.105,-2
60,2023-08-16 16:30:03.072588,499.5,0,994.555,-2
61,2023-08-16 16:30:03.191138,412.0,0,825.68,-2
62,2023-08-16 16:30:03.373805,303.5,0,616.275,-2
63,2023-08-16 16:30:03.491371,381.5,0,766.815,-2
64,2023-08-16 16:30:03.600911,445.25,0,889.8525,-2
65,2023-08-16 16:30:03.732857,nan,0,nan,-2
66,2023-08-16 16:30:03.860076,408.75,0,819.4075,-2
67,2023-08-16 16:30:04.011166,401.3333333333333,0,805.0933333333332,-2
68,2023-08-16 16:30:04.153962,453.0,0,904.81,-2
69,2023-08-16 16:30:04.293531,nan,0,nan,-2
70,2023-08-16 16:30:04.418379,368.0,0,740.76,-2
71,2023-08-16 16:30:04.530703,482.0,0,960.78,-2
72,2023-08-16 16:30:04.703234,391.8333333333333,0,786.7583333333332,-2
73,2023-08-16 16:30:04.827535,310.5,0,629.785,-2
74,2023-08-16 16:30:04.952287,441.0,0,881.65,-2
75,2023-08-16 16:30:05.092816,nan,0,nan,-2
76,2023-08-16 16:30:05.232293,387.0,0,777.43,-2
77,2023-08-16 16:30:05.356735,362.25,0,729.6624999999999,-2
78,2023-08-16 16:30:05.526690,356.3333333333333,0,718.2433333333333,-2
79,2023-08-16 16:30:05.687701,nan,0,nan,-2
80,2023-08-16 16:30:05.819149,312.0,0,632.68,-2
81,2023-08-16 16:30:05.943744,403.0,0,808.31,-2
82,2023-08-16 16:30:06.075089,nan,0,nan,-2
83,2023-08-16 16:30:06.216167,nan,0,nan,-2
84,2023-08-16 16:30:06.343940,nan,0,nan,-2
85,2023-08-16 16:30:06.461365,nan,0,nan,-2
86,2023-08-16 16:30:06.569185,nan,0,nan,-2
87,2023-08-16 16:30:06.738953,nan,0,nan,-2
88,2023-08-16 16:30:06.862997,nan,0,nan,-2
89,2023-08-16 16:30:06.994390,nan,0,nan,-2
90,2023-08-16 16:30:07.112628,nan,0,nan,-2
91,2023-08-16 16:30:07.266353,nan,0,nan,-2
92,2023-08-16 16:30:07.436563,nan,0,nan,-2
93,2023-08-16 16:30:07.578435,nan,0,nan,-2
94,2023-08-16 16:30:07.695327,nan,0,nan,-2
95,2023-08-16 16:30:07.828609,nan,0,nan,-2
96,2023-08-16 16:30:07.998737,nan,0,nan,-2
97,2023-08-16 16:30:08.114394,nan,0,nan,-2
98,2023-08-16 16:30:08.244814,647.5,0,1280.195,-2
99,2023-08-16 16:30:08.408537,nan,0,nan,-2
100,2023-08-16 16:30:08.537887,nan,0,nan,-2
1,2023-08-16 16:30:08.655284,nan,0,nan,-2
2,2023-08-16 16:30:08.771759,nan,0,nan,-2
3,2023-08-16 16:30:08.941413,nan,0,nan,-2
4,2023-08-16 16:30:09.125667,nan,0,nan,-2
5,2023-08-16 16:30:09.299228,nan,0,nan,-2
6,2023-08-16 16:30:09.423807,nan,0,nan,-2
7,2023-08-16 16:30:09.540047,nan,0,nan,-2
8,2023-08-16 16:30:09.754909,nan,0,nan,-2
9,2023-08-16 16:30:09.876414,nan,0,nan,-2
10,2023-08-16 16:30:09.998762,nan,0,nan,-2
11,2023-08-16 16:30:10.141882,nan,0,nan,-2
12,2023-08-16 16:30:10.275005,nan,0,nan,-2
13,2023-08-16 16:30:10.417702,nan,0,nan,-2
14,2023-08-16 16:30:10.554403,677.0,0,1337.1299999999999,-2
15,2023-08-16 16:30:10.700819,nan,0,nan,-2
16,2023-08-16 16:30:10.828691,nan,0,nan,-2
17,2023-08-16 16:30:10.941818,nan,0,nan,-2
18,2023-08-16 16:30:11.057434,nan,0,nan,-2
19,2023-08-16 16:30:11.161122,nan,0,nan,-2
20,2023-08-16 16:30:11.353035,nan,0,nan,-2
21,2023-08-16 16:30:11.460871,501.5,0,998.415,-2
1,2023-08-16 16:36:10.832188,nan,0,nan,-2
2,2023-08-16 16:36:10.939208,nan,0,nan,-2
3,2023-08-16 16:36:11.327764,nan,0,nan,-2
4,2023-08-16 16:36:11.442818,nan,0,nan,-2
5,2023-08-16 16:36:11.551542,nan,0,nan,-2
6,2023-08-16 16:36:11.650848,nan,0,nan,-2
7,2023-08-16 16:36:11.761265,nan,0,nan,-2
8,2023-08-16 16:36:11.875689,nan,0,nan,-2
9,2023-08-16 16:36:12.034988,nan,0,nan,-2
10,2023-08-16 16:36:12.198429,nan,0,nan,-2
11,2023-08-16 16:36:12.300818,nan,0,nan,-2
12,2023-08-16 16:36:12.416484,nan,0,nan,-2
13,2023-08-16 16:36:12.540535,nan,0,nan,-2
14,2023-08-16 16:36:12.647225,nan,0,nan,-2
15,2023-08-16 16:36:12.742089,nan,0,nan,-2
16,2023-08-16 16:36:12.829567,nan,0,nan,-2
17,2023-08-16 16:36:12.939721,nan,0,nan,-2
18,2023-08-16 16:36:13.062326,nan,0,nan,-2
19,2023-08-16 16:36:13.159237,nan,0,nan,-2
20,2023-08-16 16:36:13.332433,nan,0,nan,-2
21,2023-08-16 16:36:13.444395,nan,0,nan,-2
22,2023-08-16 16:36:13.557104,nan,0,nan,-2
23,2023-08-16 16:36:13.669645,nan,0,nan,-2
24,2023-08-16 16:36:13.784622,nan,0,nan,-2
25,2023-08-16 16:36:13.877581,nan,0,nan,-2
26,2023-08-16 16:36:13.998072,nan,0,nan,-2
